income,federal,AK,FL,NV,NH,SD,TN,TX,WA,WY,ND,PA,IN,OH,LA,MI,AZ,CO,OK,IL,UT,MS,NYC,AL,KY,MA,MO,AR,MD,KS,NM,VA,RI,GA,ID,WV,DE,CT,NY,MT,NE,SC,WI,ME,NJ,VT,IA,DC,MN,OR,HI,CA
10000.00,0.100000,0.000000,0.000000,0.000000,0.000000,0.000000,0.000000,0.000000,0.000000,0.000000,0.011000,0.030700,0.032300,0.000000,0.018500,0.042500,0.025900,0.045500,0.028650,0.049500,0.049500,0.020000,0.049900,0.043500,0.050000,0.050000,0.035124,0.033650,0.042250,0.031000,0.023750,0.037000,0.037500,0.040250,0.037771,0.030000,0.026100,0.030000,0.040750,0.023000,0.031488,0.024370,0.035400,0.058000,0.014000,0.033500,0.022122,0.040000,0.053500,0.061800,0.040000,0.010675
20000.00,0.109725,0.000000,0.000000,0.000000,0.000000,0.000000,0.000000,0.000000,0.000000,0.000000,0.011000,0.030700,0.032300,0.000000,0.024688,0.042500,0.025900,0.045500,0.038075,0.049500,0.049500,0.035000,0.049900,0.046750,0.050000,0.050000,0.044562,0.044325,0.044875,0.036375,0.035025,0.044625,0.037500,0.048875,0.048885,0.035000,0.037050,0.040000,0.047817,0.038950,0.033294,0.042755,0.039418,0.058000,0.014000,0.033500,0.034974,0.050000,0.053500,0.074650,0.053280,0.015337
30000.00,0.113150,0.000000,0.000000,0.000000,0.000000,0.000000,0.000000,0.000000,0.000000,0.000000,0.011000,0.030700,0.032300,0.004608,0.028125,0.042500,0.026448,0.045500,0.041217,0.049500,0.049500,0.040000,0.049900,0.047833,0.050000,0.050000,0.047708,0.047883,0.045750,0.041750,0.039683,0.048917,0.037500,0.051750,0.052590,0.037500,0.042617,0.043333,0.051378,0.048467,0.038601,0.051837,0.042749,0.060217,0.015167,0.033500,0.042507,0.053333,0.054428,0.078933,0.060320,0.022154
40000.00,0.114863,0.000000,0.000000,0.000000,0.000000,0.000000,0.000000,0.000000,0.000000,0.000000,0.011000,0.030700,0.032300,0.010369,0.029844,0.042500,0.028186,0.045500,0.042787,0.049500,0.049500,0.042500,0.049900,0.048375,0.050000,0.050000,0.049281,0.049663,0.046188,0.045562,0.042013,0.051062,0.037500,0.053188,0.054443,0.039375,0.045837,0.045000,0.053159,0.053225,0.044596,0.056378,0.045312,0.062038,0.017938,0.033500,0.047153,0.055000,0.057821,0.081075,0.064540,0.029169
50000.00,0.132340,0.000000,0.000000,0.000000,0.000000,0.000000,0.000000,0.000000,0.000000,0.000000,0.012781,0.030700,0.032300,0.014355,0.030875,0.042500,0.029229,0.045500,0.043730,0.049500,0.049500,0.044000,0.049900,0.048700,0.050000,0.050000,0.050225,0.050730,0.046450,0.047850,0.043410,0.052350,0.037500,0.054050,0.055554,0.043500,0.047770,0.046000,0.054227,0.056080,0.049357,0.059102,0.046850,0.063130,0.025400,0.039382,0.050222,0.057000,0.059857,0.082360,0.067572,0.035961
60000.00,0.146950,0.000000,0.000000,0.000000,0.000000,0.000000,0.000000,0.000000,0.000000,0.000000,0.014051,0.030700,0.032300,0.017339,0.032812,0.042500,0.030531,0.045500,0.044358,0.049500,0.049500,0.045000,0.049900,0.048917,0.050000,0.050000,0.050854,0.051442,0.046625,0.049375,0.044342,0.053208,0.037500,0.054625,0.056295,0.046250,0.049058,0.047500,0.054939,0.057983,0.052531,0.060918,0.047875,0.064228,0.030375,0.043819,0.053798,0.058333,0.061214,0.083217,0.070060,0.043301
70000.00,0.157386,0.000000,0.000000,0.000000,0.000000,0.000000,0.000000,0.000000,0.000000,0.000000,0.014958,0.030700,0.032300,0.019471,0.034196,0.042500,0.032126,0.045500,0.044807,0.049500,0.049500,0.045714,0.049900,0.049071,0.050000,0.050000,0.051303,0.051950,0.046750,0.050464,0.045007,0.053821,0.037757,0.055036,0.056824,0.048929,0.051479,0.048571,0.055448,0.059343,0.054798,0.062216,0.048607,0.065267,0.033929,0.046988,0.056741,0.062143,0.062183,0.083829,0.071837,0.050176
80000.00,0.165212,0.000000,0.000000,0.000000,0.000000,0.000000,0.000000,0.000000,0.000000,0.000000,0.015638,0.030700,0.032300,0.021069,0.035234,0.042500,0.033323,0.045500,0.045144,0.049500,0.049500,0.046250,0.049900,0.049188,0.050000,0.050000,0.051641,0.052331,0.046844,0.051281,0.045506,0.054281,0.038975,0.055344,0.057221,0.050937,0.053294,0.049375,0.055829,0.060362,0.056498,0.063189,0.049156,0.066046,0.037122,0.049364,0.059162,0.065000,0.062910,0.084288,0.073170,0.055529
90000.00,0.171506,0.000000,0.000000,0.000000,0.000000,0.000000,0.000000,0.000000,0.000000,0.000000,0.016167,0.030700,0.032300,0.022392,0.036042,0.042500,0.034254,0.045500,0.045406,0.049500,0.049500,0.046667,0.049900,0.049278,0.050000,0.050000,0.051903,0.052628,0.046917,0.051917,0.045894,0.054639,0.039922,0.055583,0.057530,0.052500,0.054706,0.050000,0.056542,0.061156,0.057820,0.063946,0.049583,0.066652,0.040075,0.051213,0.062066,0.067222,0.063476,0.084644,0.074207,0.059692
100000.00,0.178355,0.000000,0.000000,0.000000,0.000000,0.000000,0.000000,0.000000,0.000000,0.000000,0.016634,0.030700,0.032300,0.023841,0.036688,0.042500,0.034998,0.045500,0.045615,0.049500,0.049500,0.047000,0.049900,0.049350,0.050000,0.050000,0.052112,0.052865,0.046975,0.052425,0.046205,0.054925,0.040680,0.055775,0.057777,0.053750,0.055835,0.050500,0.057138,0.061790,0.058878,0.064551,0.049925,0.067137,0.042438,0.052771,0.064389,0.069000,0.064744,0.084930,0.075036,0.063023
110000.00,0.183959,0.000000,0.000000,0.000000,0.000000,0.000000,0.000000,0.000000,0.000000,0.000000,0.017186,0.030700,0.032300,0.025027,0.037216,0.042500,0.035608,0.045500,0.045786,0.049500,0.049500,0.047273,0.049900,0.049409,0.050000,0.050000,0.052284,0.053059,0.047250,0.052841,0.046459,0.055159,0.041300,0.055932,0.057979,0.054773,0.056759,0.051364,0.057625,0.062309,0.059744,0.065046,0.050204,0.067534,0.044370,0.054883,0.066290,0.070455,0.065995,0.085164,0.075715,0.065748
120000.00,0.188629,0.000000,0.000000,0.000000,0.000000,0.000000,0.000000,0.000000,0.000000,0.000000,0.017645,0.030700,0.032300,0.026250,0.037656,0.042500,0.036202,0.045500,0.045929,0.049500,0.049500,0.047500,0.049900,0.049458,0.050000,0.050000,0.052427,0.053221,0.047479,0.053188,0.046671,0.055354,0.041817,0.056063,0.058148,0.055625,0.057529,0.052083,0.058031,0.062742,0.060465,0.065459,0.050437,0.067864,0.045981,0.056643,0.067874,0.071667,0.067037,0.085358,0.076280,0.068019
130000.00,0.192581,0.000000,0.000000,0.000000,0.000000,0.000000,0.000000,0.000000,0.000000,0.000000,0.018034,0.030700,0.032300,0.027300,0.038029,0.042500,0.036879,0.045500,0.046050,0.049500,0.049500,0.047692,0.049900,0.049500,0.050000,0.050000,0.052548,0.053358,0.047769,0.053481,0.046850,0.055519,0.042254,0.056173,0.058290,0.056346,0.058181,0.052692,0.058375,0.063108,0.061076,0.065808,0.050634,0.068144,0.047344,0.058132,0.069215,0.072692,0.067919,0.085965,0.076758,0.069941
140000.00,0.195968,0.000000,0.000000,0.000000,0.000000,0.000000,0.000000,0.000000,0.000000,0.000000,0.018367,0.030700,0.032300,0.028200,0.038348,0.042500,0.037459,0.045500,0.046154,0.049500,0.049500,0.047857,0.049900,0.049536,0.050000,0.050000,0.052652,0.053475,0.048107,0.053732,0.047004,0.055661,0.042629,0.056268,0.058412,0.056964,0.058739,0.053214,0.058670,0.063421,0.061599,0.066108,0.050803,0.068384,0.048512,0.059408,0.070364,0.073571,0.068674,0.086896,0.077169,0.071588
150000.00,0.198903,0.000000,0.000000,0.000000,0.000000,0.000000,0.000000,0.000000,0.000000,0.000000,0.018656,0.030700,0.032300,0.028980,0.038625,0.042500,0.037962,0.045500,0.046243,0.049500,0.049500,0.048000,0.049900,0.049567,0.050000,0.050000,0.052742,0.053577,0.048400,0.053950,0.047137,0.055783,0.042953,0.056350,0.058518,0.057500,0.059223,0.053667,0.058925,0.063693,0.062052,0.066367,0.050950,0.068591,0.049525,0.060514,0.071359,0.074333,0.069330,0.087703,0.077524,0.073015
160000.00,0.201472,0.000000,0.000000,0.000000,0.000000,0.000000,0.000000,0.000000,0.000000,0.000000,0.018909,0.030700,0.032300,0.029662,0.038867,0.042500,0.038402,0.045500,0.046322,0.049500,0.049500,0.048125,0.049900,0.049594,0.050000,0.050000,0.052820,0.053666,0.048813,0.054141,0.047253,0.055891,0.043621,0.056422,0.058611,0.057969,0.059647,0.054063,0.059148,0.063931,0.062449,0.066594,0.051078,0.068773,0.050411,0.061482,0.072231,0.075000,0.069903,0.088409,0.078304,0.074264
170000.00,0.203738,0.000000,0.000000,0.000000,0.000000,0.000000,0.000000,0.000000,0.000000,0.000000,0.019132,0.030700,0.032300,0.030264,0.039081,0.042500,0.038790,0.045500,0.046391,0.049500,0.049500,0.048235,0.049900,0.049618,0.050000,0.050000,0.052890,0.053744,0.049176,0.054309,0.047356,0.055985,0.044579,0.056485,0.058692,0.058382,0.060021,0.054412,0.059346,0.064141,0.062799,0.066795,0.051191,0.068934,0.051193,0.062336,0.073000,0.075588,0.070408,0.089032,0.078992,0.075366
180000.00,0.210175,0.000000,0.000000,0.000000,0.000000,0.000000,0.000000,0.000000,0.000000,0.000000,0.019330,0.030700,0.032300,0.030800,0.039271,0.042500,0.039135,0.045500,0.046453,0.049500,0.049500,0.048333,0.049900,0.049639,0.050000,0.050000,0.052951,0.053814,0.049500,0.054458,0.047447,0.056069,0.045430,0.056542,0.058765,0.058750,0.060353,0.054722,0.059521,0.064328,0.063110,0.066973,0.051292,0.069076,0.051888,0.063095,0.073683,0.076111,0.071833,0.089586,0.079881,0.076346
190000.00,0.215955,0.000000,0.000000,0.000000,0.000000,0.000000,0.000000,0.000000,0.000000,0.000000,0.019508,0.030700,0.032300,0.031279,0.039441,0.042500,0.039443,0.045500,0.046508,0.049500,0.049500,0.048421,0.049900,0.049658,0.050000,0.050000,0.053007,0.053876,0.049789,0.054592,0.047529,0.056145,0.046191,0.056592,0.058830,0.059079,0.060650,0.055000,0.059678,0.064495,0.063389,0.067132,0.051381,0.069204,0.052509,0.063774,0.074294,0.076579,0.073237,0.090082,0.080940,0.077223
200000.00,0.221158,0.000000,0.000000,0.000000,0.000000,0.000000,0.000000,0.000000,0.000000,0.000000,0.019667,0.030700,0.032300,0.031710,0.039594,0.042500,0.039721,0.045500,0.046558,0.049500,0.049500,0.048500,0.049900,0.049675,0.050000,0.050000,0.053056,0.053932,0.050050,0.054713,0.047603,0.056212,0.046877,0.056637,0.058889,0.059375,0.060918,0.055250,0.059819,0.064645,0.063639,0.067276,0.051462,0.069319,0.053069,0.064386,0.074845,0.077000,0.074500,0.090527,0.081893,0.078011
210000.00,0.225864,0.000000,0.000000,0.000000,0.000000,0.000000,0.000000,0.000000,0.000000,0.000000,0.019905,0.030700,0.032300,0.032100,0.039732,0.042500,0.039973,0.045500,0.046602,0.049500,0.049500,0.048571,0.049900,0.049690,0.050000,0.050000,0.053101,0.053983,0.050286,0.054821,0.047669,0.056274,0.047497,0.056679,0.058941,0.059643,0.061160,0.055714,0.059946,0.064781,0.063866,0.067405,0.051536,0.069422,0.053575,0.065106,0.075342,0.077381,0.075643,0.090931,0.083231,0.078725
220000.00,0.230695,0.000000,0.000000,0.000000,0.000000,0.000000,0.000000,0.000000,0.000000,0.000000,0.020201,0.030700,0.032300,0.032454,0.039858,0.042500,0.040201,0.045500,0.046643,0.049500,0.049500,0.048636,0.049900,0.049705,0.050000,0.050000,0.053142,0.054030,0.050500,0.054920,0.048184,0.056330,0.048061,0.056716,0.058990,0.059886,0.061380,0.056136,0.060188,0.064905,0.064072,0.067523,0.051602,0.069517,0.054035,0.066124,0.075795,0.077727,0.076682,0.091298,0.084448,0.079374
230000.00,0.235883,0.000000,0.000000,0.000000,0.000000,0.000000,0.000000,0.000000,0.000000,0.000000,0.020470,0.030700,0.032300,0.032778,0.039973,0.042500,0.040410,0.045500,0.046680,0.049500,0.049500,0.048696,0.049900,0.049717,0.050000,0.050000,0.053179,0.054072,0.050696,0.055011,0.048654,0.056380,0.048576,0.056750,0.059034,0.060109,0.061580,0.056522,0.060549,0.065017,0.064260,0.067631,0.051663,0.069603,0.054455,0.067053,0.076208,0.078043,0.077631,0.091633,0.085559,0.079966
240000.00,0.240637,0.000000,0.000000,0.000000,0.000000,0.000000,0.000000,0.000000,0.000000,0.000000,0.020717,0.030700,0.032300,0.033075,0.040078,0.042500,0.040601,0.045500,0.046715,0.049500,0.049500,0.048750,0.049900,0.049729,0.050000,0.050000,0.053214,0.054110,0.050875,0.055094,0.049085,0.056427,0.049047,0.056781,0.059074,0.060312,0.061765,0.056875,0.060881,0.065121,0.064433,0.067730,0.051719,0.069682,0.054841,0.067905,0.076587,0.078333,0.078500,0.091940,0.086577,0.080510
250000.00,0.245012,0.000000,0.000000,0.000000,0.000000,0.000000,0.000000,0.000000,0.000000,0.000000,0.020945,0.030700,0.032300,0.033348,0.040175,0.042500,0.040777,0.045500,0.046746,0.049500,0.049500,0.048800,0.049900,0.049740,0.050000,0.050000,0.053245,0.054146,0.051040,0.055170,0.049482,0.056470,0.049482,0.056810,0.059111,0.060500,0.061934,0.057200,0.061185,0.065216,0.064591,0.067820,0.051770,0.069755,0.055195,0.068689,0.076936,0.078600,0.079300,0.092222,0.087514,0.081009
260000.00,0.249050,0.000000,0.000000,0.000000,0.000000,0.000000,0.000000,0.000000,0.000000,0.000000,0.021154,0.030700,0.032300,0.033600,0.040264,0.042500,0.040939,0.045500,0.046775,0.049500,0.049500,0.048846,0.049900,0.049750,0.050000,0.050000,0.053274,0.054179,0.051288,0.055240,0.049848,0.056510,0.049882,0.056837,0.059145,0.060673,0.062090,0.057654,0.061467,0.065304,0.064738,0.067904,0.051817,0.069822,0.055522,0.069412,0.077257,0.079135,0.080039,0.092483,0.088379,0.081470
270000.00,0.252789,0.000000,0.000000,0.000000,0.000000,0.000000,0.000000,0.000000,0.000000,0.000000,0.021349,0.030700,0.032300,0.033833,0.040347,0.042500,0.041090,0.045500,0.046802,0.049500,0.049500,0.048889,0.049900,0.049759,0.050000,0.050000,0.053301,0.054209,0.051519,0.055306,0.050187,0.056546,0.050253,0.056861,0.059177,0.060833,0.062235,0.058074,0.061727,0.065385,0.064873,0.067982,0.051861,0.069884,0.055825,0.070082,0.077555,0.079630,0.080722,0.092724,0.089180,0.081897
280000.00,0.256261,0.000000,0.000000,0.000000,0.000000,0.000000,0.000000,0.000000,0.000000,0.000000,0.021529,0.030700,0.032300,0.034050,0.040424,0.042500,0.041229,0.045500,0.046827,0.049500,0.049500,0.048929,0.049900,0.049768,0.050000,0.050000,0.053326,0.054237,0.051732,0.055366,0.050502,0.056580,0.050598,0.056884,0.059206,0.060982,0.062370,0.058464,0.061969,0.065461,0.064999,0.068054,0.051902,0.069942,0.056106,0.070704,0.077832,0.080089,0.081357,0.092948,0.089924,0.082294
290000.00,0.259493,0.000000,0.000000,0.000000,0.000000,0.000000,0.000000,0.000000,0.000000,0.000000,0.021697,0.030700,0.032300,0.034252,0.040496,0.042500,0.041359,0.045500,0.046850,0.049500,0.049500,0.048966,0.049900,0.049776,0.050000,0.050000,0.053349,0.054264,0.051931,0.055422,0.050795,0.056612,0.050919,0.056905,0.059233,0.061121,0.062495,0.058828,0.062194,0.065531,0.065117,0.068121,0.052673,0.069996,0.056368,0.071283,0.078089,0.080517,0.081948,0.093157,0.090616,0.082663
300000.00,0.262510,0.000000,0.000000,0.000000,0.000000,0.000000,0.000000,0.000000,0.000000,0.000000,0.021854,0.030700,0.032300,0.034440,0.040562,0.042500,0.041481,0.045500,0.046872,0.049500,0.049500,0.049000,0.049900,0.049783,0.050000,0.050000,0.053371,0.054288,0.052117,0.055475,0.051068,0.056642,0.051218,0.056925,0.059259,0.061250,0.062612,0.059167,0.062404,0.065597,0.065226,0.068184,0.053467,0.070046,0.056612,0.071824,0.078330,0.080917,0.082500,0.093352,0.091262,0.083008
310000.00,0.265332,0.000000,0.000000,0.000000,0.000000,0.000000,0.000000,0.000000,0.000000,0.000000,0.022000,0.030700,0.032300,0.034616,0.040625,0.042500,0.041594,0.045500,0.046892,0.049500,0.049500,0.049032,0.049900,0.049790,0.050000,0.050000,0.053391,0.054311,0.052290,0.055524,0.051324,0.056669,0.051498,0.056944,0.059283,0.061371,0.062721,0.059484,0.062601,0.065658,0.065329,0.068242,0.054210,0.070093,0.056841,0.072330,0.078555,0.081290,0.083016,0.093534,0.091866,0.083330
320000.00,0.267978,0.000000,0.000000,0.000000,0.000000,0.000000,0.000000,0.000000,0.000000,0.000000,0.022138,0.030700,0.032300,0.034781,0.040684,0.042500,0.041701,0.045500,0.046911,0.049500,0.049500,0.049063,0.049900,0.049797,0.050000,0.050000,0.053410,0.054333,0.052453,0.055570,0.051564,0.056695,0.051761,0.056961,0.059305,0.061484,0.062823,0.059781,0.062785,0.065716,0.065424,0.068297,0.054907,0.070137,0.057055,0.072804,0.078765,0.081641,0.083500,0.093705,0.092433,0.083861
330000.00,0.270464,0.000000,0.000000,0.000000,0.000000,0.000000,0.000000,0.000000,0.000000,0.000000,0.022267,0.030700,0.032300,0.034936,0.040739,0.042500,0.041801,0.045500,0.046929,0.049500,0.049500,0.049091,0.049900,0.049803,0.050000,0.050000,0.053428,0.054353,0.052606,0.055614,0.051789,0.056720,0.052007,0.056977,0.059326,0.061591,0.062920,0.060061,0.062959,0.065770,0.065515,0.068349,0.055561,0.070178,0.057257,0.073249,0.078963,0.081970,0.083955,0.093865,0.092965,0.084441
340000.00,0.272803,0.000000,0.000000,0.000000,0.000000,0.000000,0.000000,0.000000,0.000000,0.000000,0.022389,0.030700,0.032300,0.035082,0.040790,0.042500,0.041895,0.045500,0.046946,0.049500,0.049500,0.049118,0.049900,0.049809,0.050000,0.050000,0.053445,0.054372,0.052750,0.055654,0.052001,0.056743,0.052239,0.056993,0.059346,0.061691,0.063010,0.060324,0.063122,0.065821,0.065600,0.068397,0.056177,0.070217,0.057446,0.073668,0.079150,0.082279,0.084382,0.094016,0.093466,0.084987
350000.00,0.275009,0.000000,0.000000,0.000000,0.000000,0.000000,0.000000,0.000000,0.000000,0.000000,0.022503,0.030700,0.032300,0.035220,0.040839,0.042500,0.041984,0.045500,0.046961,0.049500,0.049500,0.049143,0.049900,0.049814,0.050000,0.050000,0.053461,0.054390,0.052886,0.055693,0.052201,0.056764,0.052458,0.057007,0.059365,0.061786,0.063096,0.060571,0.063275,0.065869,0.065680,0.068443,0.056758,0.070253,0.057625,0.074063,0.079325,0.082571,0.084786,0.094159,0.093939,0.085501
360000.00,0.277092,0.000000,0.000000,0.000000,0.000000,0.000000,0.000000,0.000000,0.000000,0.000000,0.022611,0.030700,0.032300,0.035350,0.040885,0.042500,0.042067,0.045500,0.046976,0.049500,0.049500,0.049167,0.049900,0.049819,0.050000,0.050000,0.053476,0.054407,0.053014,0.055729,0.052390,0.056785,0.052665,0.057021,0.059383,0.061875,0.063176,0.060806,0.063420,0.065914,0.065755,0.068486,0.057306,0.070288,0.057794,0.074437,0.079491,0.082847,0.085167,0.094293,0.094385,0.085987
370000.00,0.279062,0.000000,0.000000,0.000000,0.000000,0.000000,0.000000,0.000000,0.000000,0.000000,0.022714,0.030700,0.032300,0.035473,0.040929,0.042500,0.042147,0.045500,0.046991,0.049500,0.049500,0.049189,0.049900,0.049824,0.050000,0.050000,0.053490,0.054423,0.053135,0.055764,0.052569,0.056804,0.052860,0.057034,0.059399,0.061959,0.063253,0.061027,0.063558,0.065957,0.065827,0.068527,0.057825,0.070321,0.057953,0.074790,0.079648,0.083108,0.085527,0.094420,0.094807,0.086447
380000.00,0.280929,0.000000,0.000000,0.000000,0.000000,0.000000,0.000000,0.000000,0.000000,0.000000,0.022811,0.030700,0.032300,0.035589,0.040970,0.042500,0.042222,0.045500,0.047004,0.049500,0.049500,0.049211,0.049900,0.049829,0.050000,0.050000,0.053503,0.054438,0.053250,0.055796,0.052738,0.056822,0.053046,0.057046,0.059415,0.062039,0.063325,0.061237,0.063688,0.065997,0.065894,0.068566,0.058316,0.070352,0.058105,0.075124,0.079797,0.083355,0.085868,0.094541,0.095207,0.087008
390000.00,0.282700,0.000000,0.000000,0.000000,0.000000,0.000000,0.000000,0.000000,0.000000,0.000000,0.022903,0.030700,0.032300,0.035700,0.041010,0.042500,0.042293,0.045500,0.047017,0.049500,0.049500,0.049231,0.049900,0.049833,0.050000,0.050000,0.053516,0.054453,0.053359,0.055827,0.052899,0.056840,0.053221,0.057058,0.059430,0.062115,0.063394,0.061436,0.063811,0.066036,0.065959,0.068603,0.058782,0.070381,0.058248,0.075442,0.079938,0.083590,0.086192,0.094655,0.095586,0.087675
400000.00,0.284382,0.000000,0.000000,0.000000,0.000000,0.000000,0.000000,0.000000,0.000000,0.000000,0.022990,0.030700,0.032300,0.035805,0.041047,0.042500,0.042361,0.045500,0.047029,0.049500,0.049500,0.049250,0.049900,0.049837,0.050000,0.050000,0.053528,0.054466,0.053463,0.055856,0.053051,0.056856,0.053388,0.057069,0.059444,0.062188,0.063459,0.061625,0.063928,0.066073,0.066020,0.068638,0.059225,0.070409,0.058384,0.075743,0.080072,0.083812,0.086500,0.094764,0.095946,0.088308
410000.00,0.285983,0.000000,0.000000,0.000000,0.000000,0.000000,0.000000,0.000000,0.000000,0.000000,0.023074,0.030700,0.032300,0.035905,0.041082,0.042500,0.042425,0.045500,0.047040,0.049500,0.049500,0.049268,0.049900,0.049841,0.050000,0.050000,0.053540,0.054479,0.053561,0.055884,0.053196,0.056872,0.053547,0.057079,0.059458,0.062256,0.063521,0.061805,0.064040,0.066107,0.066078,0.068671,0.059647,0.070436,0.058514,0.076030,0.080200,0.084024,0.086793,0.094867,0.096289,0.088910
420000.00,0.287507,0.000000,0.000000,0.000000,0.000000,0.000000,0.000000,0.000000,0.000000,0.000000,0.023153,0.030700,0.032300,0.036000,0.041116,0.042500,0.042486,0.045500,0.047051,0.049500,0.049500,0.049286,0.049900,0.049845,0.050000,0.050000,0.053551,0.054492,0.053655,0.055911,0.053335,0.056887,0.053699,0.057089,0.059471,0.062321,0.063580,0.061976,0.064146,0.066140,0.066133,0.068703,0.060048,0.070461,0.058637,0.076303,0.080321,0.084226,0.087071,0.094965,0.096616,0.089484
430000.00,0.288960,0.000000,0.000000,0.000000,0.000000,0.000000,0.000000,0.000000,0.000000,0.000000,0.023228,0.030700,0.032300,0.036091,0.041148,0.042500,0.042545,0.045500,0.047062,0.049500,0.049500,0.049302,0.049900,0.049849,0.050000,0.050000,0.053561,0.054503,0.053744,0.055936,0.053466,0.056901,0.053843,0.057099,0.059483,0.062384,0.063636,0.062140,0.064247,0.066172,0.066186,0.068733,0.060431,0.070485,0.058755,0.076563,0.080437,0.084419,0.087337,0.095059,0.096927,0.090031
440000.00,0.290348,0.000000,0.000000,0.000000,0.000000,0.000000,0.000000,0.000000,0.000000,0.000000,0.023300,0.030700,0.032300,0.036177,0.041179,0.042500,0.042601,0.045500,0.047072,0.049500,0.049500,0.049318,0.049900,0.049852,0.050000,0.050000,0.053571,0.054515,0.053830,0.055960,0.053592,0.056915,0.053980,0.057108,0.059495,0.062443,0.063690,0.062295,0.064344,0.066202,0.066236,0.068762,0.060796,0.070508,0.058868,0.076812,0.080548,0.084602,0.087591,0.095149,0.097224,0.090553
450000.00,0.291673,0.000000,0.000000,0.000000,0.000000,0.000000,0.000000,0.000000,0.000000,0.000000,0.023398,0.030700,0.032300,0.036260,0.041208,0.042500,0.042654,0.045500,0.047081,0.049500,0.049500,0.049333,0.049900,0.049856,0.050000,0.050000,0.053581,0.054526,0.053911,0.055983,0.053712,0.056928,0.054112,0.057117,0.059506,0.062500,0.063741,0.062444,0.064436,0.066231,0.066284,0.068789,0.061145,0.070530,0.058975,0.077049,0.080653,0.084778,0.087833,0.095234,0.097508,0.091052
460000.00,0.292941,0.000000,0.000000,0.000000,0.000000,0.000000,0.000000,0.000000,0.000000,0.000000,0.023520,0.030700,0.032300,0.036339,0.041236,0.042500,0.042705,0.045500,0.047090,0.049500,0.049500,0.049348,0.049900,0.049859,0.050000,0.050000,0.053590,0.054536,0.053989,0.056005,0.053827,0.056940,0.054238,0.057125,0.059517,0.062554,0.063790,0.062587,0.064525,0.066259,0.066330,0.068815,0.061479,0.070552,0.059078,0.077277,0.080754,0.084946,0.088065,0.095316,0.097780,0.091529
470000.00,0.294155,0.000000,0.000000,0.000000,0.000000,0.000000,0.000000,0.000000,0.000000,0.000000,0.023636,0.030700,0.032300,0.036415,0.041263,0.042500,0.042754,0.045500,0.047099,0.049500,0.049500,0.049362,0.049900,0.049862,0.050000,0.050000,0.053598,0.054546,0.054064,0.056027,0.053937,0.056952,0.054358,0.057133,0.059527,0.062606,0.063837,0.062723,0.064609,0.066285,0.066374,0.068841,0.061798,0.070572,0.059176,0.077494,0.080851,0.085106,0.088287,0.095395,0.098040,0.091986
480000.00,0.295319,0.000000,0.000000,0.000000,0.000000,0.000000,0.000000,0.000000,0.000000,0.000000,0.023748,0.030700,0.032300,0.036487,0.041289,0.042500,0.042801,0.045500,0.047107,0.049500,0.049500,0.049375,0.049900,0.049865,0.050000,0.050000,0.053607,0.054555,0.054135,0.056047,0.054043,0.056964,0.054474,0.057141,0.059537,0.062656,0.063882,0.062854,0.064690,0.066310,0.066416,0.068865,0.062104,0.070591,0.059270,0.077702,0.080944,0.085260,0.088500,0.095470,0.098289,0.092423
490000.00,0.296435,0.000000,0.000000,0.000000,0.000000,0.000000,0.000000,0.000000,0.000000,0.000000,0.023855,0.030700,0.032300,0.036557,0.041314,0.042500,0.042845,0.045500,0.047115,0.049500,0.049500,0.049388,0.049900,0.049867,0.050000,0.050000,0.053615,0.054564,0.054204,0.056066,0.054144,0.056974,0.054584,0.057148,0.059546,0.062704,0.063926,0.062980,0.064768,0.066335,0.066457,0.068888,0.062398,0.070610,0.059361,0.077902,0.081032,0.085408,0.088704,0.095542,0.098528,0.092843
500000.00,0.297506,0.000000,0.000000,0.000000,0.000000,0.000000,0.000000,0.000000,0.000000,0.000000,0.023958,0.030700,0.032300,0.036624,0.041338,0.042500,0.042889,0.045500,0.047123,0.049500,0.049500,0.049400,0.049900,0.049870,0.050000,0.050000,0.053622,0.054573,0.054270,0.056085,0.054241,0.056985,0.054691,0.057155,0.059555,0.062750,0.063967,0.063100,0.064843,0.066358,0.066496,0.068910,0.062680,0.070627,0.059448,0.078094,0.081118,0.085550,0.088900,0.095611,0.098757,0.093246
510000.00,0.298535,0.000000,0.000000,0.000000,0.000000,0.000000,0.000000,0.000000,0.000000,0.000000,0.024057,0.030700,0.032300,0.036688,0.041360,0.042500,0.042930,0.045500,0.047130,0.049500,0.049500,0.049412,0.049900,0.049873,0.050000,0.050000,0.053630,0.054581,0.054333,0.056103,0.054334,0.056995,0.054793,0.057162,0.059564,0.062794,0.064007,0.063233,0.064914,0.066380,0.066533,0.068932,0.062951,0.070645,0.060041,0.078279,0.081200,0.085784,0.089088,0.095677,0.098978,0.093634
520000.00,0.299525,0.000000,0.000000,0.000000,0.000000,0.000000,0.000000,0.000000,0.000000,0.000000,0.024152,0.030700,0.032300,0.036750,0.041382,0.042500,0.042970,0.045500,0.047137,0.049500,0.049500,0.049423,0.049900,0.049875,0.050000,0.050000,0.053637,0.054589,0.054394,0.056120,0.054424,0.057005,0.054891,0.057168,0.059573,0.062837,0.064045,0.063362,0.064983,0.066402,0.066569,0.068952,0.063212,0.070661,0.060611,0.078456,0.081279,0.086010,0.089269,0.095741,0.099190,0.094006
530000.00,0.300477,0.000000,0.000000,0.000000,0.000000,0.000000,0.000000,0.000000,0.000000,0.000000,0.024244,0.030700,0.032300,0.036809,0.041403,0.042500,0.043008,0.045500,0.047144,0.049500,0.049500,0.049434,0.049900,0.049877,0.050000,0.050000,0.053644,0.054597,0.054453,0.056137,0.054510,0.057014,0.054986,0.057175,0.059581,0.062877,0.064082,0.063485,0.065050,0.066423,0.066603,0.068972,0.063463,0.070677,0.061160,0.078627,0.081355,0.086226,0.089443,0.095803,0.099394,0.094365
540000.00,0.301398,0.000000,0.000000,0.000000,0.000000,0.000000,0.000000,0.000000,0.000000,0.000000,0.024332,0.030700,0.032300,0.036867,0.041424,0.042500,0.043045,0.045500,0.047151,0.049500,0.049500,0.049444,0.049900,0.049880,0.050000,0.050000,0.053650,0.054605,0.054509,0.056153,0.054594,0.057023,0.055077,0.057181,0.059588,0.062917,0.064118,0.063604,0.065114,0.066443,0.066637,0.068991,0.063704,0.070692,0.061688,0.078791,0.081428,0.086435,0.089611,0.095862,0.099590,0.094710
550000.00,0.302645,0.000000,0.000000,0.000000,0.000000,0.000000,0.000000,0.000000,0.000000,0.000000,0.024417,0.030700,0.032300,0.036922,0.041443,0.042500,0.043080,0.045500,0.047157,0.049500,0.049500,0.049455,0.049900,0.049882,0.050000,0.050000,0.053657,0.054612,0.054564,0.056168,0.054674,0.057032,0.055164,0.057186,0.059596,0.062955,0.064152,0.063718,0.065175,0.066462,0.066669,0.069009,0.063937,0.070707,0.062198,0.078949,0.081498,0.086636,0.089773,0.095919,0.099779,0.095042
560000.00,0.303848,0.000000,0.000000,0.000000,0.000000,0.000000,0.000000,0.000000,0.000000,0.000000,0.024498,0.030700,0.032300,0.036975,0.041462,0.042500,0.043115,0.045500,0.047163,0.049500,0.049500,0.049464,0.049900,0.049884,0.050000,0.050000,0.053663,0.054619,0.054616,0.056183,0.054751,0.057040,0.055249,0.057192,0.059603,0.062991,0.064185,0.063829,0.065235,0.066480,0.066700,0.069027,0.064161,0.070721,0.062689,0.079102,0.081566,0.086830,0.089929,0.095974,0.099962,0.095363
570000.00,0.305009,0.000000,0.000000,0.000000,0.000000,0.000000,0.000000,0.000000,0.000000,0.000000,0.024577,0.030700,0.032300,0.037026,0.041480,0.042500,0.043148,0.045500,0.047169,0.049500,0.049500,0.049474,0.049900,0.049886,0.050000,0.050000,0.053669,0.054625,0.054667,0.056197,0.054825,0.057048,0.055330,0.057197,0.059610,0.063026,0.064217,0.063935,0.065292,0.066498,0.066730,0.069044,0.064377,0.070735,0.063163,0.079249,0.081631,0.087018,0.090079,0.096027,0.100138,0.095672
580000.00,0.306129,0.000000,0.000000,0.000000,0.000000,0.000000,0.000000,0.000000,0.000000,0.000000,0.024654,0.030700,0.032300,0.037076,0.041498,0.042500,0.043180,0.045500,0.047175,0.049500,0.049500,0.049483,0.049900,0.049888,0.050000,0.050000,0.053675,0.054632,0.054716,0.056211,0.054897,0.057056,0.055409,0.057203,0.059617,0.063060,0.064247,0.064038,0.065347,0.066516,0.066758,0.069061,0.064586,0.070748,0.063620,0.079392,0.081695,0.087198,0.090224,0.096078,0.100308,0.095971
590000.00,0.307212,0.000000,0.000000,0.000000,0.000000,0.000000,0.000000,0.000000,0.000000,0.000000,0.024727,0.030700,0.032300,0.037124,0.041515,0.042500,0.043211,0.045500,0.047181,0.049500,0.049500,0.049492,0.049900,0.049890,0.050000,0.050000,0.053680,0.054638,0.054763,0.056225,0.054967,0.057064,0.055485,0.057208,0.059623,0.063093,0.064277,0.064137,0.065401,0.066532,0.066786,0.069076,0.064788,0.070761,0.064062,0.079529,0.081756,0.087373,0.090364,0.096128,0.100472,0.096260
600000.00,0.308258,0.000000,0.000000,0.000000,0.000000,0.000000,0.000000,0.000000,0.000000,0.000000,0.024799,0.030700,0.032300,0.037170,0.041531,0.042500,0.043240,0.045500,0.047186,0.049500,0.049500,0.049500,0.049900,0.049892,0.050000,0.050000,0.053685,0.054644,0.054808,0.056238,0.055034,0.057071,0.055559,0.057213,0.059630,0.063125,0.064306,0.064233,0.065452,0.066548,0.066813,0.069092,0.064984,0.070773,0.064490,0.079662,0.081815,0.087542,0.090500,0.096176,0.100631,0.096539
610000.00,0.309271,0.000000,0.000000,0.000000,0.000000,0.000000,0.000000,0.000000,0.000000,0.000000,0.024867,0.030700,0.032300,0.037215,0.041547,0.042500,0.043269,0.045500,0.047191,0.049500,0.049500,0.049508,0.049900,0.049893,0.050000,0.050000,0.053691,0.054650,0.054852,0.056250,0.055099,0.057078,0.055630,0.057217,0.059636,0.063156,0.064334,0.064326,0.065502,0.066564,0.066839,0.069107,0.065172,0.070785,0.064903,0.079790,0.081872,0.087705,0.090631,0.096222,0.100785,0.096809
620000.00,0.310250,0.000000,0.000000,0.000000,0.000000,0.000000,0.000000,0.000000,0.000000,0.000000,0.024934,0.030700,0.032300,0.037258,0.041563,0.042500,0.043297,0.045500,0.047196,0.049500,0.049500,0.049516,0.049900,0.049895,0.050000,0.050000,0.053696,0.054656,0.054895,0.056262,0.055162,0.057085,0.055699,0.057222,0.059641,0.063185,0.064360,0.064416,0.065551,0.066579,0.066864,0.069121,0.065355,0.070796,0.065303,0.079915,0.081927,0.087863,0.090758,0.096267,0.100933,0.097070
630000.00,0.311198,0.000000,0.000000,0.000000,0.000000,0.000000,0.000000,0.000000,0.000000,0.000000,0.024999,0.030700,0.032300,0.037300,0.041577,0.042500,0.043324,0.045500,0.047201,0.049500,0.049500,0.049524,0.049900,0.049897,0.050000,0.050000,0.053700,0.054661,0.054937,0.056274,0.055223,0.057091,0.055766,0.057226,0.059647,0.063214,0.064387,0.064503,0.065597,0.066594,0.066889,0.069135,0.065532,0.070807,0.065690,0.080035,0.081981,0.088016,0.090881,0.096310,0.101077,0.097396
640000.00,0.312117,0.000000,0.000000,0.000000,0.000000,0.000000,0.000000,0.000000,0.000000,0.000000,0.025061,0.030700,0.032300,0.037341,0.041592,0.042500,0.043350,0.045500,0.047205,0.049500,0.049500,0.049531,0.049900,0.049898,0.050000,0.050000,0.053705,0.054666,0.054977,0.056285,0.055282,0.057098,0.055830,0.057230,0.059653,0.063242,0.064412,0.064588,0.065643,0.066608,0.066912,0.069149,0.065703,0.070818,0.066065,0.080152,0.082033,0.088164,0.091000,0.096352,0.101217,0.097796
650000.00,0.313008,0.000000,0.000000,0.000000,0.000000,0.000000,0.000000,0.000000,0.000000,0.000000,0.025122,0.030700,0.032300,0.037380,0.041606,0.042500,0.043376,0.045500,0.047210,0.049500,0.049500,0.049538,0.049900,0.049900,0.050000,0.050000,0.053710,0.054672,0.055015,0.056296,0.055339,0.057104,0.055893,0.057235,0.059658,0.063269,0.064436,0.064669,0.065687,0.066622,0.066935,0.069162,0.065869,0.070829,0.066429,0.080265,0.082083,0.088308,0.091115,0.096393,0.101352,0.098184
660000.00,0.313871,0.000000,0.000000,0.000000,0.000000,0.000000,0.000000,0.000000,0.000000,0.000000,0.025181,0.030700,0.032300,0.037418,0.041619,0.042500,0.043400,0.045500,0.047214,0.049500,0.049500,0.049545,0.049900,0.049902,0.050000,0.050000,0.053714,0.054677,0.055053,0.056307,0.055395,0.057110,0.055954,0.057239,0.059663,0.063295,0.064460,0.064748,0.065729,0.066635,0.066957,0.069174,0.066031,0.070839,0.066781,0.080375,0.082132,0.088447,0.091227,0.096433,0.101483,0.098560
670000.00,0.314709,0.000000,0.000000,0.000000,0.000000,0.000000,0.000000,0.000000,0.000000,0.000000,0.025238,0.030700,0.032300,0.037455,0.041632,0.042500,0.043424,0.045500,0.047219,0.049500,0.049500,0.049552,0.049900,0.049903,0.050000,0.050000,0.053718,0.054681,0.055090,0.056317,0.055449,0.057116,0.056013,0.057243,0.059668,0.063321,0.064483,0.064825,0.065771,0.066648,0.066979,0.069187,0.066187,0.070849,0.067124,0.080481,0.082179,0.088582,0.091336,0.096471,0.101610,0.098925
680000.00,0.315522,0.000000,0.000000,0.000000,0.000000,0.000000,0.000000,0.000000,0.000000,0.000000,0.025293,0.030700,0.032300,0.037491,0.041645,0.042500,0.043447,0.045500,0.047223,0.049500,0.049500,0.049559,0.049900,0.049904,0.050000,0.050000,0.053722,0.054686,0.055125,0.056327,0.055501,0.057121,0.056070,0.057246,0.059673,0.063346,0.064505,0.064900,0.065811,0.066660,0.067000,0.069199,0.066338,0.070858,0.067456,0.080584,0.082225,0.088713,0.091441,0.096508,0.101733,0.099279
690000.00,0.316312,0.000000,0.000000,0.000000,0.000000,0.000000,0.000000,0.000000,0.000000,0.000000,0.025347,0.030700,0.032300,0.037526,0.041658,0.042500,0.043470,0.045500,0.047227,0.049500,0.049500,0.049565,0.049900,0.049906,0.050000,0.050000,0.053726,0.054691,0.055159,0.056337,0.055551,0.057127,0.056125,0.057250,0.059678,0.063370,0.064527,0.064972,0.065850,0.066672,0.067020,0.069210,0.066486,0.070868,0.067778,0.080684,0.082269,0.088841,0.091544,0.096544,0.101853,0.099623
700000.00,0.317079,0.000000,0.000000,0.000000,0.000000,0.000000,0.000000,0.000000,0.000000,0.000000,0.025399,0.030700,0.032300,0.037560,0.041670,0.042500,0.043492,0.045500,0.047231,0.049500,0.049500,0.049571,0.049900,0.049907,0.050000,0.050000,0.053730,0.054695,0.055193,0.056346,0.055601,0.057132,0.056179,0.057254,0.059682,0.063393,0.064548,0.065043,0.065888,0.066684,0.067040,0.069222,0.066629,0.070877,0.068091,0.080782,0.082313,0.088964,0.091643,0.096579,0.101969,0.099956
710000.00,0.317824,0.000000,0.000000,0.000000,0.000000,0.000000,0.000000,0.000000,0.000000,0.000000,0.025449,0.030700,0.032300,0.037593,0.041681,0.042500,0.043513,0.045500,0.047235,0.049500,0.049500,0.049577,0.049900,0.049908,0.050000,0.050000,0.053734,0.054699,0.055225,0.056356,0.055649,0.057137,0.056232,0.057257,0.059687,0.063415,0.064568,0.065111,0.065924,0.066696,0.067059,0.069233,0.066768,0.070885,0.068395,0.080876,0.082355,0.089085,0.091739,0.096613,0.102083,0.100281
720000.00,0.318549,0.000000,0.000000,0.000000,0.000000,0.000000,0.000000,0.000000,0.000000,0.000000,0.025499,0.030700,0.032300,0.037625,0.041693,0.042500,0.043534,0.045500,0.047238,0.049500,0.049500,0.049583,0.049900,0.049910,0.050000,0.050000,0.053738,0.054703,0.055257,0.056365,0.055695,0.057142,0.056282,0.057260,0.059691,0.063437,0.064588,0.065178,0.065960,0.066707,0.067078,0.069243,0.066903,0.070894,0.068691,0.080968,0.082396,0.089201,0.091833,0.096647,0.102192,0.100597
730000.00,0.319253,0.000000,0.000000,0.000000,0.000000,0.000000,0.000000,0.000000,0.000000,0.000000,0.025547,0.030700,0.032300,0.037656,0.041704,0.042500,0.043554,0.045500,0.047242,0.049500,0.049500,0.049589,0.049900,0.049911,0.050000,0.050000,0.053741,0.054708,0.055288,0.056373,0.055740,0.057147,0.056332,0.057264,0.059695,0.063459,0.064608,0.065242,0.065995,0.066718,0.067096,0.069254,0.067034,0.070902,0.068979,0.081058,0.082436,0.089315,0.091925,0.096679,0.102299,0.100903
740000.00,0.319939,0.000000,0.000000,0.000000,0.000000,0.000000,0.000000,0.000000,0.000000,0.000000,0.025593,0.030700,0.032300,0.037686,0.041715,0.042500,0.043573,0.045500,0.047245,0.049500,0.049500,0.049595,0.049900,0.049912,0.050000,0.050000,0.053745,0.054711,0.055318,0.056382,0.055784,0.057152,0.056380,0.057267,0.059700,0.063480,0.064626,0.065305,0.066029,0.066728,0.067113,0.069264,0.067162,0.070910,0.069259,0.081145,0.082474,0.089426,0.092014,0.096710,0.102404,0.101202
750000.00,0.320607,0.000000,0.000000,0.000000,0.000000,0.000000,0.000000,0.000000,0.000000,0.000000,0.025639,0.030700,0.032300,0.037716,0.041725,0.042500,0.043592,0.045500,0.047249,0.049500,0.049500,0.049600,0.049900,0.049913,0.050000,0.050000,0.053748,0.054715,0.055347,0.056390,0.055827,0.057157,0.056427,0.057270,0.059704,0.063500,0.064645,0.065367,0.066062,0.066739,0.067130,0.069273,0.067287,0.070918,0.069532,0.081230,0.082512,0.089533,0.092100,0.096741,0.102505,0.101493
760000.00,0.321257,0.000000,0.000000,0.000000,0.000000,0.000000,0.000000,0.000000,0.000000,0.000000,0.025683,0.030700,0.032300,0.037745,0.041735,0.042500,0.043611,0.045500,0.047252,0.049500,0.049500,0.049605,0.049900,0.049914,0.050000,0.050000,0.053752,0.054719,0.055375,0.056398,0.055869,0.057161,0.056473,0.057273,0.059708,0.063520,0.064663,0.065426,0.066094,0.066749,0.067147,0.069283,0.067408,0.070926,0.069797,0.081312,0.082549,0.089638,0.092184,0.096770,0.102603,0.101776
770000.00,0.321890,0.000000,0.000000,0.000000,0.000000,0.000000,0.000000,0.000000,0.000000,0.000000,0.025726,0.030700,0.032300,0.037773,0.041745,0.042500,0.043629,0.045500,0.047255,0.049500,0.049500,0.049610,0.049900,0.049916,0.050000,0.050000,0.053755,0.054723,0.055403,0.056406,0.055910,0.057166,0.056517,0.057276,0.059711,0.063539,0.064680,0.065484,0.066125,0.066758,0.067163,0.069292,0.067526,0.070933,0.070056,0.081392,0.082584,0.089740,0.092266,0.096799,0.102699,0.102051
780000.00,0.322506,0.000000,0.000000,0.000000,0.000000,0.000000,0.000000,0.000000,0.000000,0.000000,0.025768,0.030700,0.032300,0.037800,0.041755,0.042500,0.043646,0.045500,0.047258,0.049500,0.049500,0.049615,0.049900,0.049917,0.050000,0.050000,0.053758,0.054726,0.055429,0.056413,0.055949,0.057170,0.056561,0.057279,0.059715,0.063558,0.064697,0.065541,0.066156,0.066768,0.067179,0.069301,0.067641,0.070941,0.070307,0.081471,0.082619,0.089840,0.092346,0.096828,0.102793,0.102320
790000.00,0.323108,0.000000,0.000000,0.000000,0.000000,0.000000,0.000000,0.000000,0.000000,0.000000,0.025809,0.030700,0.032300,0.037827,0.041764,0.042500,0.043664,0.045500,0.047261,0.049500,0.049500,0.049620,0.049900,0.049918,0.050000,0.050000,0.053761,0.054730,0.055456,0.056421,0.055988,0.057174,0.056603,0.057282,0.059719,0.063576,0.064713,0.065596,0.066185,0.066777,0.067195,0.069310,0.067753,0.070948,0.070553,0.081547,0.082653,0.089937,0.092424,0.096855,0.102884,0.102582
800000.00,0.323694,0.000000,0.000000,0.000000,0.000000,0.000000,0.000000,0.000000,0.000000,0.000000,0.025849,0.030700,0.032300,0.037852,0.041773,0.042500,0.043680,0.045500,0.047264,0.049500,0.049500,0.049625,0.049900,0.049919,0.050000,0.050000,0.053764,0.054733,0.055481,0.056428,0.056026,0.057178,0.056644,0.057284,0.059722,0.063594,0.064729,0.065650,0.066214,0.066786,0.067210,0.069319,0.067863,0.070955,0.070792,0.081621,0.082686,0.090031,0.092500,0.096882,0.102973,0.102837
810000.00,0.324265,0.000000,0.000000,0.000000,0.000000,0.000000,0.000000,0.000000,0.000000,0.000000,0.025888,0.030700,0.032300,0.037878,0.041782,0.042500,0.043697,0.045500,0.047267,0.049500,0.049500,0.049630,0.049900,0.049920,0.050000,0.050000,0.053767,0.054736,0.055506,0.056435,0.056062,0.057182,0.056684,0.057287,0.059726,0.063611,0.064745,0.065702,0.066242,0.066795,0.067224,0.069327,0.067969,0.070961,0.071026,0.081694,0.082718,0.090123,0.092574,0.096908,0.103060,0.103086
820000.00,0.324823,0.000000,0.000000,0.000000,0.000000,0.000000,0.000000,0.000000,0.000000,0.000000,0.025926,0.030700,0.032300,0.037902,0.041791,0.042500,0.043713,0.045500,0.047270,0.049500,0.049500,0.049634,0.049900,0.049921,0.050000,0.050000,0.053770,0.054740,0.055530,0.056442,0.056098,0.057186,0.056724,0.057290,0.059729,0.063628,0.064760,0.065754,0.066270,0.066804,0.067239,0.069335,0.068073,0.070968,0.071253,0.081765,0.082750,0.090213,0.092646,0.096934,0.103145,0.103329
830000.00,0.325367,0.000000,0.000000,0.000000,0.000000,0.000000,0.000000,0.000000,0.000000,0.000000,0.025963,0.030700,0.032300,0.037926,0.041800,0.042500,0.043728,0.045500,0.047273,0.049500,0.049500,0.049639,0.049900,0.049922,0.050000,0.050000,0.053773,0.054743,0.055554,0.056449,0.056133,0.057190,0.056762,0.057292,0.059732,0.063645,0.064775,0.065804,0.066297,0.066812,0.067253,0.069343,0.068175,0.070974,0.071476,0.081834,0.082781,0.090301,0.092717,0.096958,0.103227,0.103566
840000.00,0.325899,0.000000,0.000000,0.000000,0.000000,0.000000,0.000000,0.000000,0.000000,0.000000,0.025999,0.030700,0.032300,0.037950,0.041808,0.042500,0.043743,0.045500,0.047276,0.049500,0.049500,0.049643,0.049900,0.049923,0.050000,0.050000,0.053775,0.054746,0.055577,0.056455,0.056167,0.057193,0.056799,0.057295,0.059735,0.063661,0.064790,0.065852,0.066323,0.066820,0.067266,0.069351,0.068274,0.070981,0.071693,0.081901,0.082811,0.090387,0.092786,0.096983,0.103308,0.103797
850000.00,0.326418,0.000000,0.000000,0.000000,0.000000,0.000000,0.000000,0.000000,0.000000,0.000000,0.026034,0.030700,0.032300,0.037973,0.041816,0.042500,0.043758,0.045500,0.047278,0.049500,0.049500,0.049647,0.049900,0.049924,0.050000,0.050000,0.053778,0.054749,0.055600,0.056462,0.056201,0.057197,0.056836,0.057297,0.059738,0.063676,0.064804,0.065900,0.066349,0.066828,0.067280,0.069359,0.068371,0.070987,0.071904,0.081967,0.082840,0.090471,0.092853,0.097006,0.103387,0.104023
860000.00,0.326924,0.000000,0.000000,0.000000,0.000000,0.000000,0.000000,0.000000,0.000000,0.000000,0.026069,0.030700,0.032300,0.037995,0.041824,0.042500,0.043772,0.045500,0.047281,0.049500,0.049500,0.049651,0.049900,0.049924,0.050000,0.050000,0.053781,0.054752,0.055622,0.056468,0.056233,0.057201,0.056871,0.057299,0.059742,0.063692,0.064818,0.065947,0.066374,0.066836,0.067293,0.069366,0.068465,0.070993,0.072111,0.082032,0.082869,0.090552,0.092919,0.097030,0.103463,0.104244
870000.00,0.327420,0.000000,0.000000,0.000000,0.000000,0.000000,0.000000,0.000000,0.000000,0.000000,0.026102,0.030700,0.032300,0.038017,0.041832,0.042500,0.043786,0.045500,0.047283,0.049500,0.049500,0.049655,0.049900,0.049925,0.050000,0.050000,0.053783,0.054755,0.055644,0.056474,0.056265,0.057204,0.056906,0.057302,0.059744,0.063707,0.064832,0.065992,0.066398,0.066844,0.067306,0.069374,0.068558,0.070999,0.072314,0.082094,0.082896,0.090632,0.092983,0.097052,0.103539,0.104459
880000.00,0.327903,0.000000,0.000000,0.000000,0.000000,0.000000,0.000000,0.000000,0.000000,0.000000,0.026135,0.030700,0.032300,0.038039,0.041839,0.042500,0.043800,0.045500,0.047286,0.049500,0.049500,0.049659,0.049900,0.049926,0.050000,0.050000,0.053786,0.054757,0.055665,0.056480,0.056296,0.057207,0.056940,0.057304,0.059747,0.063722,0.064845,0.066036,0.066422,0.066851,0.067318,0.069381,0.068648,0.071004,0.072511,0.082156,0.082924,0.090710,0.093045,0.097074,0.103612,0.104670
890000.00,0.328376,0.000000,0.000000,0.000000,0.000000,0.000000,0.000000,0.000000,0.000000,0.000000,0.026168,0.030700,0.032300,0.038059,0.041847,0.042500,0.043814,0.045500,0.047288,0.049500,0.049500,0.049663,0.049900,0.049927,0.050000,0.050000,0.053788,0.054760,0.055685,0.056486,0.056326,0.057211,0.056973,0.057306,0.059750,0.063736,0.064858,0.066080,0.066445,0.066858,0.067330,0.069388,0.068736,0.071010,0.072704,0.082216,0.082950,0.090787,0.093107,0.097096,0.103684,0.104876
900000.00,0.328839,0.000000,0.000000,0.000000,0.000000,0.000000,0.000000,0.000000,0.000000,0.000000,0.026199,0.030700,0.032300,0.038080,0.041854,0.042500,0.043827,0.045500,0.047291,0.049500,0.049500,0.049667,0.049900,0.049928,0.050000,0.050000,0.053790,0.054763,0.055706,0.056492,0.056356,0.057214,0.057006,0.057308,0.059753,0.063750,0.064871,0.066122,0.066468,0.066866,0.067342,0.069395,0.068822,0.071015,0.072893,0.082275,0.082977,0.090861,0.093167,0.097117,0.103754,0.105077
910000.00,0.329291,0.000000,0.000000,0.000000,0.000000,0.000000,0.000000,0.000000,0.000000,0.000000,0.026230,0.030700,0.032300,0.038100,0.041861,0.042500,0.043840,0.045500,0.047293,0.049500,0.049500,0.049670,0.049900,0.049929,0.050000,0.050000,0.053793,0.054765,0.055725,0.056497,0.056385,0.057217,0.057038,0.057310,0.059756,0.063764,0.064883,0.066164,0.066490,0.066873,0.067354,0.069401,0.068907,0.071021,0.073078,0.082332,0.083002,0.090934,0.093225,0.097138,0.103823,0.105274
920000.00,0.329734,0.000000,0.000000,0.000000,0.000000,0.000000,0.000000,0.000000,0.000000,0.000000,0.026260,0.030700,0.032300,0.038120,0.041868,0.042500,0.043852,0.045500,0.047295,0.049500,0.049500,0.049674,0.049900,0.049929,0.050000,0.050000,0.053795,0.054768,0.055745,0.056503,0.056414,0.057220,0.057069,0.057312,0.059758,0.063777,0.064895,0.066204,0.066512,0.066879,0.067365,0.069408,0.068989,0.071026,0.073258,0.082388,0.083027,0.091005,0.093283,0.097158,0.103890,0.105467
930000.00,0.330167,0.000000,0.000000,0.000000,0.000000,0.000000,0.000000,0.000000,0.000000,0.000000,0.026289,0.030700,0.032300,0.038139,0.041875,0.042500,0.043865,0.045500,0.047297,0.049500,0.049500,0.049677,0.049900,0.049930,0.050000,0.050000,0.053797,0.054770,0.055763,0.056508,0.056441,0.057223,0.057099,0.057315,0.059761,0.063790,0.064907,0.066244,0.066534,0.066886,0.067376,0.069414,0.069070,0.071031,0.073435,0.082443,0.083052,0.091075,0.093339,0.097178,0.103955,0.105655
940000.00,0.330590,0.000000,0.000000,0.000000,0.000000,0.000000,0.000000,0.000000,0.000000,0.000000,0.026318,0.030700,0.032300,0.038157,0.041882,0.042500,0.043877,0.045500,0.047299,0.049500,0.049500,0.049681,0.049900,0.049931,0.050000,0.050000,0.053799,0.054773,0.055782,0.056513,0.056469,0.057226,0.057129,0.057316,0.059764,0.063803,0.064919,0.066283,0.066555,0.066893,0.067387,0.069420,0.069149,0.071036,0.073608,0.082497,0.083075,0.091144,0.093394,0.097197,0.104020,0.105840
950000.00,0.331005,0.000000,0.000000,0.000000,0.000000,0.000000,0.000000,0.000000,0.000000,0.000000,0.026346,0.030700,0.032300,0.038176,0.041888,0.042500,0.043889,0.045500,0.047302,0.049500,0.049500,0.049684,0.049900,0.049932,0.050000,0.050000,0.053801,0.054775,0.055800,0.056518,0.056495,0.057229,0.057158,0.057318,0.059766,0.063816,0.064930,0.066321,0.066575,0.066899,0.067398,0.069426,0.069226,0.071041,0.073778,0.082550,0.083099,0.091211,0.093447,0.097216,0.104083,0.106021
960000.00,0.331411,0.000000,0.000000,0.000000,0.000000,0.000000,0.000000,0.000000,0.000000,0.000000,0.026374,0.030700,0.032300,0.038194,0.041895,0.042500,0.043900,0.045500,0.047304,0.049500,0.049500,0.049688,0.049900,0.049932,0.050000,0.050000,0.053803,0.054778,0.055818,0.056523,0.056521,0.057232,0.057187,0.057320,0.059768,0.063828,0.064941,0.066358,0.066595,0.066905,0.067408,0.069432,0.069302,0.071046,0.073943,0.082601,0.083122,0.091276,0.093500,0.097235,0.104144,0.106197
970000.00,0.331809,0.000000,0.000000,0.000000,0.000000,0.000000,0.000000,0.000000,0.000000,0.000000,0.026401,0.030700,0.032300,0.038211,0.041901,0.042500,0.043912,0.045500,0.047306,0.049500,0.049500,0.049691,0.049900,0.049933,0.050000,0.050000,0.053805,0.054780,0.055835,0.056528,0.056547,0.057235,0.057215,0.057322,0.059771,0.063840,0.064952,0.066395,0.066615,0.066911,0.067418,0.069438,0.069376,0.071050,0.074106,0.082652,0.083144,0.091340,0.093552,0.097253,0.104205,0.106371
980000.00,0.332199,0.000000,0.000000,0.000000,0.000000,0.000000,0.000000,0.000000,0.000000,0.000000,0.026428,0.030700,0.032300,0.038229,0.041907,0.042500,0.043923,0.045500,0.047308,0.049500,0.049500,0.049694,0.049900,0.049934,0.050000,0.050000,0.053807,0.054782,0.055852,0.056533,0.056572,0.057237,0.057242,0.057324,0.059773,0.063852,0.064963,0.066431,0.066634,0.066917,0.067428,0.069444,0.069449,0.071055,0.074265,0.082701,0.083166,0.091403,0.093602,0.097271,0.104264,0.106540
990000.00,0.332581,0.000000,0.000000,0.000000,0.000000,0.000000,0.000000,0.000000,0.000000,0.000000,0.026454,0.030700,0.032300,0.038245,0.041913,0.042500,0.043934,0.045500,0.047310,0.049500,0.049500,0.049697,0.049900,0.049934,0.050000,0.050000,0.053809,0.054784,0.055869,0.056538,0.056596,0.057240,0.057269,0.057326,0.059775,0.063864,0.064973,0.066466,0.066653,0.066923,0.067438,0.069450,0.069520,0.071059,0.074421,0.082750,0.083188,0.091465,0.093652,0.097288,0.104322,0.106707
1000000.00,0.332955,0.000000,0.000000,0.000000,0.000000,0.000000,0.000000,0.000000,0.000000,0.000000,0.026479,0.030700,0.032300,0.038262,0.041919,0.042500,0.043944,0.045500,0.047311,0.049500,0.049500,0.049700,0.049900,0.049935,0.050000,0.050000,0.053811,0.054786,0.055885,0.056543,0.056621,0.057243,0.057295,0.057328,0.059778,0.063875,0.064984,0.066500,0.066671,0.066929,0.067448,0.069455,0.069590,0.071064,0.074574,0.082797,0.083209,0.091525,0.093700,0.097305,0.104379,0.106870
