income,federal,CA,HI,MN,DC,VT,NJ,ME,SC,WI,NE,NY,CT,DE,WV,OR,ID,VA,GA,RI,NM,KS,MD,AR,IA,KY,MA,NC,IL,MS,UT,OK,CO,AZ,MT,MI,OH,MO,AL,IN,PA,LA,ND,WA,AK,FL,NV,NH,SD,TN,TX,WY
10000.00,0.076500,0.000000,0.016769,0.000000,0.000000,0.000000,0.010850,0.000000,0.000000,0.000000,0.000000,0.005000,0.001750,0.000000,0.018750,0.003271,0.000000,0.008670,0.000000,0.000000,0.000000,0.006975,0.003500,0.018300,0.006940,0.037400,0.024250,0.000000,0.027225,0.000000,0.000000,0.000925,0.000000,0.000000,0.000485,0.001063,0.000000,0.000000,0.020875,0.026648,0.031468,0.009204,0.000000,0.001750,0.000000,0.000000,0.000000,0.000000,0.000000,0.000000,0.000000,0.000000
20000.00,0.176500,0.000000,0.039673,0.008426,0.015100,0.009129,0.012600,0.000000,0.000405,0.012939,0.006672,0.023750,0.009250,0.019450,0.028000,0.038908,0.011827,0.028850,0.018400,0.004688,0.003187,0.019375,0.025281,0.037437,0.022659,0.044325,0.037750,0.019336,0.038981,0.011750,0.000000,0.019431,0.000000,0.004777,0.010032,0.022312,0.000000,0.008451,0.032390,0.029878,0.031468,0.013760,0.004262,0.001750,0.000000,0.000000,0.000000,0.000000,0.000000,0.000000,0.000000,0.000000
30000.00,0.184447,0.000000,0.050763,0.023897,0.028933,0.017532,0.014146,0.015810,0.014843,0.022497,0.017846,0.035291,0.020083,0.030658,0.032625,0.050292,0.028190,0.038164,0.031912,0.015937,0.013840,0.029063,0.033083,0.043979,0.030776,0.046633,0.042250,0.029940,0.042900,0.024917,0.000000,0.029183,0.013663,0.012034,0.020899,0.029396,0.000876,0.020089,0.035510,0.030954,0.031468,0.018915,0.006637,0.001750,0.000000,0.000000,0.000000,0.000000,0.000000,0.000000,0.000000,0.000000
40000.00,0.188903,0.010240,0.057525,0.031632,0.037075,0.021733,0.016625,0.026863,0.028710,0.029160,0.026437,0.041459,0.028000,0.037216,0.036000,0.055843,0.036518,0.043357,0.038669,0.021562,0.022964,0.035588,0.036984,0.047250,0.035365,0.047787,0.044500,0.035242,0.044859,0.031500,0.000000,0.034059,0.021907,0.015708,0.029433,0.032938,0.007742,0.026251,0.036989,0.031493,0.031468,0.021436,0.007824,0.001750,0.000000,0.000000,0.000000,0.000000,0.000000,0.000000,0.000000,0.000000
50000.00,0.190953,0.020492,0.062153,0.037961,0.041960,0.024254,0.024019,0.035328,0.037472,0.034193,0.035172,0.045160,0.032750,0.041150,0.040200,0.059173,0.041514,0.046473,0.042723,0.024937,0.028514,0.040155,0.039325,0.049213,0.038580,0.048480,0.045850,0.038423,0.046035,0.035450,0.000198,0.036985,0.026853,0.019413,0.034731,0.035062,0.012065,0.029949,0.037876,0.031815,0.031468,0.022948,0.008536,0.001750,0.000000,0.000000,0.000000,0.000000,0.000000,0.000000,0.000000,0.000000
60000.00,0.203344,0.030080,0.065701,0.043251,0.045929,0.028914,0.029454,0.040971,0.043313,0.037549,0.040995,0.047627,0.035917,0.043773,0.043750,0.060623,0.044845,0.048551,0.045425,0.027188,0.032214,0.043200,0.040885,0.050521,0.040230,0.048942,0.046750,0.040544,0.046819,0.038083,0.008621,0.038935,0.030150,0.021884,0.037669,0.036479,0.015565,0.031939,0.038027,0.032031,0.031468,0.023648,0.010362,0.001750,0.000000,0.000000,0.000000,0.000000,0.000000,0.000000,0.000000,0.000000
70000.00,0.219673,0.038562,0.068360,0.047029,0.048886,0.034447,0.033337,0.045002,0.047486,0.039945,0.045154,0.049389,0.038536,0.046921,0.046839,0.061069,0.047224,0.050035,0.047355,0.028795,0.034857,0.045375,0.042000,0.051455,0.041789,0.049271,0.047393,0.042059,0.047379,0.039964,0.014638,0.040329,0.032506,0.024026,0.039313,0.037491,0.018065,0.032996,0.037799,0.032185,0.031468,0.024311,0.011898,0.001750,0.000000,0.000000,0.000000,0.000000,0.000000,0.000000,0.000000,0.000000
80000.00,0.231131,0.045658,0.070354,0.049863,0.053366,0.038598,0.036724,0.048533,0.050615,0.041743,0.048274,0.050711,0.040812,0.049513,0.049312,0.061403,0.049009,0.051147,0.048803,0.030000,0.036839,0.047006,0.042836,0.052156,0.043341,0.049519,0.047875,0.043195,0.047798,0.041375,0.019150,0.041373,0.034272,0.026365,0.040545,0.038250,0.019940,0.033789,0.037627,0.032300,0.031468,0.025142,0.013050,0.001750,0.000000,0.000000,0.000000,0.000000,0.000000,0.000000,0.000000,0.000000
90000.00,0.239615,0.051176,0.071905,0.052067,0.057117,0.041826,0.039898,0.051283,0.053049,0.043141,0.050700,0.051854,0.042583,0.051528,0.051236,0.061663,0.050397,0.052013,0.049929,0.031610,0.038381,0.048275,0.043486,0.052701,0.044547,0.049711,0.048250,0.044078,0.048125,0.042472,0.022660,0.042186,0.035646,0.028185,0.041504,0.038840,0.021399,0.034406,0.037493,0.032390,0.031468,0.025789,0.013946,0.001750,0.000000,0.000000,0.000000,0.000000,0.000000,0.000000,0.000000,0.000000
100000.00,0.246150,0.055591,0.073146,0.053830,0.060118,0.044408,0.042438,0.053484,0.054996,0.044259,0.052641,0.053075,0.044000,0.053140,0.052775,0.061871,0.051507,0.052706,0.050830,0.033317,0.039614,0.049290,0.044006,0.053137,0.045559,0.049865,0.048550,0.044785,0.048386,0.043350,0.025468,0.042836,0.036745,0.029641,0.042271,0.039313,0.022993,0.034899,0.037386,0.032462,0.031468,0.026306,0.014663,0.001750,0.000000,0.000000,0.000000,0.000000,0.000000,0.000000,0.000000,0.000000
110000.00,0.252981,0.059203,0.074161,0.055576,0.062573,0.046521,0.044515,0.055284,0.056589,0.045174,0.054229,0.054074,0.045159,0.054459,0.054034,0.061915,0.052416,0.053272,0.051567,0.034715,0.040624,0.050120,0.044523,0.053494,0.046943,0.049991,0.048795,0.045364,0.048600,0.044068,0.027765,0.043368,0.037645,0.030832,0.042801,0.039699,0.024339,0.035224,0.037227,0.032520,0.031468,0.026668,0.015308,0.001750,0.000000,0.000000,0.000000,0.000000,0.000000,0.000000,0.000000,0.000000
120000.00,0.258915,0.062213,0.075007,0.057650,0.064619,0.049011,0.046247,0.056784,0.057917,0.045937,0.055552,0.054906,0.046333,0.055558,0.055083,0.061922,0.053173,0.053744,0.052181,0.035879,0.041465,0.050813,0.045083,0.053792,0.048068,0.050096,0.049000,0.045846,0.048778,0.044667,0.029679,0.043811,0.038394,0.031824,0.043220,0.040021,0.025651,0.035477,0.037077,0.032569,0.031468,0.026955,0.015990,0.001750,0.000000,0.000000,0.000000,0.000000,0.000000,0.000000,0.000000,0.000000
130000.00,0.263834,0.064760,0.075723,0.059404,0.066350,0.051233,0.047712,0.058054,0.059040,0.046582,0.056672,0.055611,0.047519,0.056488,0.055971,0.061927,0.053813,0.054144,0.052701,0.036864,0.042176,0.051398,0.045558,0.054043,0.049019,0.050185,0.049173,0.046253,0.048929,0.045173,0.031299,0.044187,0.039028,0.032752,0.043574,0.040293,0.026824,0.035691,0.036950,0.032611,0.031468,0.027198,0.016567,0.001750,0.000000,0.000000,0.000000,0.000000,0.000000,0.000000,0.000000,0.000000
140000.00,0.267980,0.066944,0.076336,0.060909,0.067834,0.053138,0.048967,0.059142,0.060003,0.047135,0.057632,0.056214,0.048536,0.057286,0.056732,0.061932,0.054362,0.054486,0.053146,0.037709,0.042786,0.051900,0.046138,0.054259,0.049835,0.050261,0.049321,0.046603,0.049058,0.045607,0.032688,0.044508,0.039572,0.033707,0.043877,0.040527,0.027829,0.035875,0.036841,0.032646,0.031468,0.027406,0.017062,0.001750,0.000000,0.000000,0.000000,0.000000,0.000000,0.000000,0.000000,0.000000
150000.00,0.271520,0.068836,0.076868,0.062212,0.069120,0.054789,0.050056,0.060085,0.060837,0.047614,0.058464,0.056738,0.049417,0.057977,0.057392,0.061936,0.054838,0.054783,0.053532,0.038441,0.043315,0.052335,0.046650,0.054446,0.050541,0.050327,0.049450,0.046906,0.049170,0.045983,0.033891,0.044787,0.040043,0.034535,0.044140,0.040729,0.028700,0.036034,0.036746,0.032677,0.031468,0.027586,0.017491,0.001750,0.000000,0.000000,0.000000,0.000000,0.000000,0.000000,0.000000,0.000000
160000.00,0.274558,0.070491,0.077592,0.063353,0.070245,0.056233,0.051008,0.060910,0.061568,0.048034,0.059192,0.057195,0.050187,0.058581,0.057969,0.061941,0.055254,0.055043,0.053870,0.039081,0.043777,0.052716,0.047180,0.054609,0.051161,0.050384,0.049562,0.047171,0.049268,0.046312,0.034944,0.045030,0.040455,0.035259,0.044372,0.040906,0.029463,0.036174,0.036665,0.032704,0.031468,0.027745,0.017866,0.001750,0.000000,0.000000,0.000000,0.000000,0.000000,0.000000,0.000000,0.000000
170000.00,0.273281,0.071952,0.078428,0.064359,0.071238,0.057508,0.051848,0.061638,0.062212,0.048404,0.059834,0.057599,0.050868,0.059115,0.058478,0.062528,0.055622,0.055272,0.054168,0.039734,0.044185,0.053051,0.047721,0.054754,0.052018,0.050435,0.049662,0.047405,0.049354,0.046603,0.035873,0.045246,0.040819,0.035899,0.044821,0.041063,0.030135,0.036493,0.036774,0.032727,0.031468,0.028039,0.018197,0.001750,0.000000,0.000000,0.000000,0.000000,0.000000,0.000000,0.000000,0.000000
180000.00,0.272156,0.073251,0.079200,0.065254,0.072121,0.058641,0.052595,0.062285,0.062784,0.048733,0.060405,0.057958,0.051472,0.059589,0.058931,0.063292,0.055948,0.055475,0.054433,0.040937,0.044548,0.053350,0.048201,0.054882,0.052779,0.050481,0.049750,0.047613,0.049431,0.046861,0.036699,0.045437,0.041142,0.036467,0.045220,0.041201,0.030733,0.036777,0.036871,0.032749,0.031468,0.028300,0.018492,0.001750,0.000000,0.000000,0.000000,0.000000,0.000000,0.000000,0.000000,0.000000
190000.00,0.274322,0.074412,0.080390,0.066705,0.072911,0.059654,0.053264,0.062864,0.063297,0.049027,0.060916,0.058280,0.052013,0.060013,0.059336,0.063684,0.056241,0.055657,0.054670,0.042014,0.044873,0.053617,0.048632,0.054997,0.053209,0.050521,0.049829,0.047799,0.049500,0.047092,0.037437,0.045608,0.041431,0.036975,0.045379,0.041326,0.031268,0.036872,0.036811,0.032768,0.031468,0.028409,0.018755,0.001750,0.000000,0.000000,0.000000,0.000000,0.000000,0.000000,0.000000,0.000000
200000.00,0.277539,0.075458,0.081461,0.068418,0.073621,0.060567,0.053865,0.063386,0.063758,0.049292,0.061375,0.058569,0.052500,0.060395,0.059700,0.063918,0.056504,0.055822,0.054884,0.042983,0.045165,0.053858,0.049019,0.055100,0.053494,0.050558,0.049900,0.047966,0.049562,0.047300,0.038103,0.045762,0.041691,0.037433,0.045440,0.041437,0.031750,0.036893,0.036697,0.032784,0.031468,0.028456,0.018992,0.001750,0.000000,0.000000,0.000000,0.000000,0.000000,0.000000,0.000000,0.000000
210000.00,0.280430,0.076404,0.082693,0.069968,0.074264,0.061392,0.054409,0.063857,0.064175,0.049532,0.061791,0.058830,0.052940,0.060740,0.060030,0.064129,0.056741,0.055970,0.055077,0.043860,0.045429,0.054075,0.049369,0.055193,0.053751,0.050590,0.049964,0.048118,0.049618,0.047488,0.038704,0.045901,0.041927,0.037846,0.045496,0.041539,0.032185,0.036912,0.036593,0.032800,0.031468,0.028498,0.019206,0.001750,0.000000,0.000000,0.000000,0.000000,0.000000,0.000000,0.000000,0.000000
220000.00,0.283041,0.077264,0.084017,0.071376,0.074849,0.062325,0.054904,0.064286,0.064555,0.049750,0.062170,0.059098,0.053455,0.061055,0.060330,0.064321,0.056958,0.056105,0.055252,0.044657,0.045703,0.054273,0.049688,0.055278,0.053985,0.050620,0.050023,0.048256,0.049669,0.047659,0.039251,0.046028,0.042141,0.038223,0.045546,0.041631,0.032581,0.036929,0.036499,0.032814,0.031468,0.028537,0.019571,0.001750,0.000000,0.000000,0.000000,0.000000,0.000000,0.000000,0.000000,0.000000
230000.00,0.285564,0.078049,0.085225,0.072663,0.075383,0.063515,0.055356,0.064677,0.064901,0.049949,0.062515,0.059581,0.054033,0.061341,0.060603,0.064483,0.057155,0.056228,0.055413,0.045385,0.046371,0.054453,0.049978,0.055356,0.054187,0.050648,0.050076,0.048381,0.049715,0.047815,0.039751,0.046143,0.042337,0.038566,0.045583,0.041715,0.032943,0.036937,0.036406,0.032827,0.031468,0.028566,0.019908,0.001750,0.000000,0.000000,0.000000,0.000000,0.000000,0.000000,0.000000,0.000000
240000.00,0.289041,0.078769,0.086333,0.073842,0.075872,0.064606,0.055770,0.065036,0.065218,0.050131,0.062831,0.060024,0.054563,0.061604,0.060854,0.064521,0.057336,0.056341,0.055559,0.046052,0.046984,0.054619,0.050245,0.055427,0.054276,0.050673,0.050125,0.048497,0.049758,0.047958,0.040208,0.046249,0.042516,0.038881,0.045541,0.041792,0.033274,0.036884,0.036265,0.032838,0.031468,0.028545,0.020217,0.001750,0.000000,0.000000,0.000000,0.000000,0.000000,0.000000,0.000000,0.000000
250000.00,0.292224,0.079431,0.087352,0.074927,0.076322,0.065609,0.056150,0.065366,0.065510,0.050299,0.063122,0.060432,0.055050,0.061846,0.061085,0.064555,0.057503,0.056445,0.055695,0.046666,0.047547,0.054771,0.050490,0.055493,0.054359,0.050696,0.050170,0.048603,0.049797,0.048090,0.040629,0.046347,0.042681,0.039171,0.045503,0.041862,0.033579,0.036835,0.036136,0.032849,0.031468,0.028526,0.020501,0.001750,0.000000,0.000000,0.000000,0.000000,0.000000,0.000000,0.000000,0.000000
260000.00,0.295150,0.080043,0.088293,0.075928,0.076840,0.066535,0.056502,0.065671,0.065780,0.050454,0.063391,0.060808,0.055500,0.062069,0.061298,0.064587,0.057657,0.056541,0.055819,0.047233,0.048067,0.054912,0.050791,0.055553,0.054435,0.050717,0.050212,0.048700,0.049833,0.048212,0.041018,0.046437,0.042833,0.039438,0.045468,0.041928,0.033861,0.036790,0.036016,0.032859,0.031468,0.028509,0.020763,0.001750,0.000000,0.000000,0.000000,0.000000,0.000000,0.000000,0.000000,0.000000
270000.00,0.297848,0.080609,0.089164,0.076855,0.077506,0.067392,0.056828,0.065953,0.066030,0.050597,0.063640,0.061156,0.055991,0.062276,0.061495,0.064617,0.057799,0.056629,0.055935,0.047757,0.048548,0.055042,0.051093,0.055609,0.054506,0.050737,0.050250,0.048791,0.049867,0.048324,0.041378,0.046520,0.042974,0.039686,0.045435,0.041988,0.034121,0.036749,0.035905,0.032868,0.031468,0.028493,0.021006,0.001750,0.000000,0.000000,0.000000,0.000000,0.000000,0.000000,0.000000,0.000000
280000.00,0.300343,0.081134,0.089973,0.077716,0.078124,0.068189,0.057130,0.066215,0.066261,0.050730,0.063871,0.061480,0.056518,0.062468,0.061679,0.064645,0.057931,0.056712,0.056042,0.048245,0.048995,0.055163,0.051373,0.055661,0.054571,0.050755,0.050286,0.048875,0.049898,0.048429,0.041713,0.046598,0.043105,0.039916,0.045405,0.042045,0.034363,0.036710,0.035802,0.032877,0.031468,0.028478,0.021232,0.001750,0.000000,0.000000,0.000000,0.000000,0.000000,0.000000,0.000000,0.000000
290000.00,0.302659,0.081624,0.090726,0.078518,0.078699,0.068930,0.057411,0.066459,0.066477,0.051106,0.064086,0.061781,0.057009,0.062647,0.061849,0.064670,0.058054,0.056789,0.056142,0.048698,0.049411,0.055275,0.051634,0.055709,0.054632,0.050772,0.050319,0.048954,0.049927,0.048526,0.042024,0.046670,0.043226,0.040130,0.045376,0.042097,0.034589,0.036674,0.035707,0.032885,0.031468,0.028464,0.021442,0.001750,0.000000,0.000000,0.000000,0.000000,0.000000,0.000000,0.000000,0.000000
300000.00,0.304814,0.082080,0.091429,0.079266,0.079236,0.069622,0.057674,0.066686,0.066679,0.052016,0.064287,0.062062,0.057467,0.062813,0.062008,0.064694,0.058169,0.056860,0.056235,0.049121,0.049800,0.055380,0.051877,0.055754,0.054689,0.050788,0.050350,0.049027,0.049954,0.048617,0.042314,0.046737,0.043340,0.040330,0.045350,0.042146,0.034799,0.036641,0.035617,0.032892,0.031468,0.028451,0.021638,0.001750,0.000000,0.000000,0.000000,0.000000,0.000000,0.000000,0.000000,0.000000
310000.00,0.306823,0.082516,0.092086,0.079966,0.079739,0.070269,0.057920,0.066899,0.066867,0.052868,0.064475,0.062325,0.057895,0.062969,0.062157,0.064717,0.058276,0.056927,0.056322,0.049517,0.050163,0.055478,0.052105,0.055796,0.054742,0.050803,0.050379,0.049095,0.049979,0.048702,0.042586,0.046800,0.043446,0.040517,0.045325,0.042192,0.034996,0.036609,0.035534,0.032899,0.031468,0.028438,0.021822,0.001750,0.000000,0.000000,0.000000,0.000000,0.000000,0.000000,0.000000,0.000000
320000.00,0.308701,0.083237,0.092703,0.080622,0.080210,0.070876,0.058150,0.067099,0.067044,0.053666,0.064651,0.062571,0.058297,0.063116,0.062297,0.064738,0.058377,0.056990,0.056404,0.049889,0.050504,0.055570,0.052318,0.055836,0.054792,0.050817,0.050406,0.049159,0.050003,0.048781,0.042841,0.046859,0.043546,0.040692,0.045302,0.042234,0.035180,0.036580,0.035455,0.032906,0.031468,0.028427,0.021994,0.001750,0.000000,0.000000,0.000000,0.000000,0.000000,0.000000,0.000000,0.000000
330000.00,0.310461,0.083914,0.093282,0.081238,0.080652,0.071446,0.058367,0.067286,0.067210,0.054416,0.064816,0.062803,0.058674,0.063253,0.062428,0.064758,0.058472,0.057049,0.056481,0.050237,0.050824,0.055657,0.052519,0.055873,0.054839,0.050830,0.050432,0.049220,0.050025,0.048856,0.043080,0.046914,0.043640,0.040857,0.045280,0.042275,0.035353,0.036552,0.035382,0.032912,0.031468,0.028416,0.022155,0.001750,0.000000,0.000000,0.000000,0.000000,0.000000,0.000000,0.000000,0.000000
340000.00,0.312114,0.084551,0.093827,0.081819,0.081069,0.071983,0.058570,0.067463,0.067366,0.055122,0.064972,0.063021,0.059029,0.063382,0.062551,0.064776,0.058561,0.057105,0.056553,0.050566,0.051125,0.055738,0.052708,0.055908,0.054883,0.050843,0.050456,0.049276,0.050046,0.048926,0.043305,0.046967,0.043728,0.041012,0.045260,0.042312,0.035516,0.036526,0.035312,0.032917,0.031468,0.028406,0.022307,0.001750,0.000000,0.000000,0.000000,0.000000,0.000000,0.000000,0.000000,0.000000
350000.00,0.313668,0.085151,0.094341,0.082365,0.081461,0.072488,0.058762,0.067629,0.067513,0.055787,0.065119,0.063226,0.059364,0.063504,0.062668,0.064794,0.058645,0.057157,0.056621,0.050875,0.051409,0.055815,0.052886,0.055941,0.054925,0.050854,0.050479,0.049330,0.050066,0.048993,0.043518,0.047016,0.043811,0.041158,0.045240,0.042348,0.035670,0.036501,0.035247,0.032923,0.031468,0.028396,0.022450,0.001750,0.000000,0.000000,0.000000,0.000000,0.000000,0.000000,0.000000,0.000000
360000.00,0.315132,0.085719,0.094826,0.082882,0.081832,0.072966,0.058944,0.067786,0.067652,0.056416,0.065257,0.063420,0.059681,0.063619,0.062778,0.064810,0.058724,0.057206,0.056685,0.051167,0.051677,0.055888,0.053054,0.055972,0.054964,0.050865,0.050500,0.049380,0.050084,0.049056,0.043718,0.047062,0.043890,0.041296,0.045222,0.042382,0.035815,0.036478,0.035185,0.032928,0.031468,0.028387,0.022586,0.001750,0.000000,0.000000,0.000000,0.000000,0.000000,0.000000,0.000000,0.000000
370000.00,0.316515,0.086255,0.095285,0.083371,0.082183,0.073418,0.059115,0.067935,0.067784,0.057010,0.065389,0.063604,0.059980,0.063728,0.062882,0.064826,0.058799,0.057253,0.056746,0.051444,0.051931,0.055956,0.053213,0.056002,0.055002,0.050876,0.050520,0.049428,0.050102,0.049115,0.043908,0.047106,0.043964,0.041426,0.045205,0.042414,0.035953,0.036456,0.035127,0.032933,0.031468,0.028379,0.022714,0.001750,0.000000,0.000000,0.000000,0.000000,0.000000,0.000000,0.000000,0.000000
380000.00,0.317822,0.087013,0.095720,0.083834,0.082515,0.073846,0.059278,0.068076,0.067908,0.057573,0.065513,0.063778,0.060263,0.063832,0.062980,0.064841,0.058870,0.057298,0.056804,0.051706,0.052171,0.056021,0.053363,0.056030,0.055037,0.050886,0.050539,0.049473,0.050119,0.049171,0.044087,0.047148,0.044034,0.041550,0.045189,0.042444,0.036083,0.036436,0.035072,0.032938,0.031468,0.028371,0.022835,0.001750,0.000000,0.000000,0.000000,0.000000,0.000000,0.000000,0.000000,0.000000
390000.00,0.319060,0.087752,0.096133,0.084273,0.082831,0.074252,0.059432,0.068210,0.068027,0.058108,0.065631,0.063943,0.060532,0.063929,0.063074,0.064855,0.058938,0.057340,0.056859,0.051954,0.052399,0.056083,0.053506,0.056056,0.055070,0.050895,0.050558,0.049516,0.050135,0.049224,0.044258,0.047187,0.044101,0.041667,0.045173,0.042473,0.036206,0.036416,0.035019,0.032942,0.031468,0.028363,0.022950,0.001750,0.000000,0.000000,0.000000,0.000000,0.000000,0.000000,0.000000,0.000000
400000.00,0.320234,0.088454,0.096525,0.084690,0.083130,0.074638,0.059579,0.068337,0.068139,0.058615,0.065743,0.064100,0.060787,0.064022,0.063162,0.064868,0.059002,0.057379,0.056911,0.052190,0.052616,0.056141,0.053642,0.056081,0.055102,0.050904,0.050575,0.049557,0.050150,0.049275,0.044420,0.047225,0.044164,0.041779,0.045158,0.042500,0.036324,0.036397,0.034969,0.032946,0.031468,0.028356,0.023060,0.001750,0.000000,0.000000,0.000000,0.000000,0.000000,0.000000,0.000000,0.000000
410000.00,0.321349,0.089121,0.096898,0.085087,0.083415,0.075005,0.059718,0.068457,0.068246,0.059098,0.065849,0.064249,0.061030,0.064111,0.063247,0.064881,0.059063,0.057418,0.056960,0.052415,0.052822,0.056197,0.053771,0.056105,0.055132,0.050912,0.050591,0.049596,0.050164,0.049323,0.044574,0.047260,0.044225,0.041885,0.045144,0.042526,0.036435,0.036379,0.034922,0.032950,0.031468,0.028349,0.023164,0.001750,0.000000,0.000000,0.000000,0.000000,0.000000,0.000000,0.000000,0.000000
420000.00,0.322409,0.089757,0.097253,0.085465,0.083687,0.075355,0.059851,0.068572,0.068348,0.059558,0.065951,0.064391,0.061262,0.064195,0.063327,0.064893,0.059121,0.057454,0.057007,0.052629,0.053018,0.056250,0.053894,0.056128,0.055161,0.050920,0.050607,0.049633,0.050178,0.049369,0.044721,0.047294,0.044282,0.041986,0.045131,0.042551,0.036541,0.036362,0.034877,0.032954,0.031468,0.028342,0.023263,0.001750,0.000000,0.000000,0.000000,0.000000,0.000000,0.000000,0.000000,0.000000
430000.00,0.323419,0.090363,0.097591,0.085825,0.083945,0.075688,0.059977,0.068682,0.068445,0.059997,0.066047,0.064526,0.061483,0.064276,0.063404,0.064905,0.059176,0.057488,0.057052,0.052833,0.053206,0.056301,0.054012,0.056150,0.055188,0.050928,0.050622,0.049668,0.050191,0.049413,0.044861,0.047327,0.044337,0.042082,0.045118,0.042574,0.036643,0.036346,0.034834,0.032957,0.031468,0.028336,0.023357,0.001750,0.000000,0.000000,0.000000,0.000000,0.000000,0.000000,0.000000,0.000000
440000.00,0.324381,0.090942,0.097915,0.086169,0.084192,0.076006,0.060098,0.068787,0.068537,0.060415,0.066140,0.064655,0.061693,0.064352,0.063477,0.064916,0.059229,0.057521,0.057095,0.053027,0.053384,0.056349,0.054124,0.056170,0.055215,0.050935,0.050636,0.049702,0.050203,0.049455,0.044994,0.047358,0.044389,0.042174,0.045106,0.042597,0.036739,0.036331,0.034793,0.032961,0.031468,0.028330,0.023447,0.001750,0.000000,0.000000,0.000000,0.000000,0.000000,0.000000,0.000000,0.000000
450000.00,0.325299,0.091495,0.098223,0.086498,0.084428,0.076310,0.060214,0.068887,0.068626,0.060815,0.066228,0.064779,0.061894,0.064426,0.063547,0.064926,0.059279,0.057553,0.057136,0.053213,0.053555,0.056395,0.054231,0.056190,0.055240,0.050942,0.050650,0.049734,0.050215,0.049494,0.045122,0.047387,0.044439,0.042262,0.045094,0.042618,0.036832,0.036316,0.034753,0.032964,0.031468,0.028324,0.023579,0.001750,0.000000,0.000000,0.000000,0.000000,0.000000,0.000000,0.000000,0.000000
460000.00,0.326175,0.092024,0.098519,0.086813,0.084654,0.076601,0.060324,0.068982,0.068710,0.061198,0.066312,0.064897,0.062087,0.064496,0.063614,0.064936,0.059328,0.057583,0.057175,0.053391,0.053718,0.056439,0.054333,0.056209,0.055264,0.050949,0.050663,0.049764,0.050226,0.049533,0.045244,0.047415,0.044487,0.042346,0.045083,0.042639,0.036920,0.036302,0.034716,0.032967,0.031468,0.028319,0.023718,0.001750,0.000000,0.000000,0.000000,0.000000,0.000000,0.000000,0.000000,0.000000
470000.00,0.327014,0.092530,0.098802,0.087114,0.084870,0.076880,0.060430,0.069074,0.068791,0.061564,0.066393,0.065010,0.062271,0.064563,0.063678,0.064946,0.059374,0.057612,0.057213,0.053562,0.053874,0.056481,0.054431,0.056227,0.055287,0.050955,0.050676,0.049794,0.050237,0.049569,0.045361,0.047443,0.044533,0.042426,0.045073,0.042658,0.037005,0.036288,0.034680,0.032970,0.031468,0.028313,0.023852,0.001750,0.000000,0.000000,0.000000,0.000000,0.000000,0.000000,0.000000,0.000000
480000.00,0.327817,0.093016,0.099073,0.087402,0.085077,0.077147,0.060531,0.069162,0.068869,0.061915,0.066471,0.065118,0.062448,0.064627,0.063740,0.064955,0.059418,0.057639,0.057248,0.053725,0.054024,0.056522,0.054525,0.056245,0.055308,0.050961,0.050687,0.049822,0.050248,0.049604,0.045473,0.047468,0.044577,0.042503,0.045063,0.042677,0.037086,0.036275,0.034645,0.032973,0.031468,0.028308,0.023981,0.001750,0.000000,0.000000,0.000000,0.000000,0.000000,0.000000,0.000000,0.000000
490000.00,0.328586,0.093481,0.099333,0.087679,0.085276,0.077402,0.060628,0.069246,0.068944,0.062252,0.066545,0.065222,0.062617,0.064689,0.063798,0.064964,0.059461,0.057666,0.057283,0.053882,0.054168,0.056561,0.054615,0.056261,0.055330,0.050967,0.050699,0.049849,0.050258,0.049638,0.045580,0.047493,0.044619,0.042577,0.045053,0.042695,0.037164,0.036263,0.034612,0.032976,0.031468,0.028303,0.024104,0.001750,0.000000,0.000000,0.000000,0.000000,0.000000,0.000000,0.000000,0.000000
500000.00,0.329323,0.093928,0.099582,0.087945,0.085467,0.077648,0.061242,0.069327,0.069015,0.062575,0.066616,0.065322,0.062780,0.064748,0.063855,0.064972,0.059501,0.057691,0.057316,0.054032,0.054306,0.056598,0.054701,0.056277,0.055350,0.050973,0.050710,0.049875,0.050267,0.049670,0.045683,0.047517,0.044659,0.042648,0.045043,0.042712,0.037238,0.036251,0.034580,0.032978,0.031468,0.028299,0.024222,0.001750,0.000000,0.000000,0.000000,0.000000,0.000000,0.000000,0.000000,0.000000
510000.00,0.330031,0.094357,0.099822,0.088200,0.085746,0.077884,0.061843,0.069404,0.069084,0.062885,0.066685,0.065418,0.062936,0.064805,0.063909,0.064981,0.059541,0.057716,0.057348,0.054176,0.054438,0.056634,0.054784,0.056293,0.055369,0.050978,0.050721,0.049900,0.050276,0.049701,0.045783,0.047540,0.044698,0.042716,0.045034,0.042729,0.037310,0.036240,0.034550,0.032981,0.031468,0.028294,0.024336,0.001750,0.000000,0.000000,0.000000,0.000000,0.000000,0.000000,0.000000,0.000000
520000.00,0.330710,0.094770,0.100053,0.088445,0.086019,0.078111,0.062422,0.069479,0.069150,0.063184,0.066751,0.065510,0.063095,0.064860,0.063962,0.064988,0.059578,0.057739,0.057378,0.054315,0.054566,0.056668,0.054864,0.056308,0.055388,0.050984,0.050731,0.049924,0.050285,0.049731,0.045878,0.047562,0.044735,0.042782,0.045026,0.042745,0.037379,0.036229,0.034521,0.032983,0.031468,0.028290,0.024445,0.001750,0.000000,0.000000,0.000000,0.000000,0.000000,0.000000,0.000000,0.000000
530000.00,0.331364,0.095167,0.100275,0.088681,0.086282,0.078330,0.062979,0.069551,0.069214,0.063471,0.066814,0.065599,0.063257,0.064912,0.064012,0.064996,0.059615,0.057762,0.057408,0.054449,0.054688,0.056701,0.054941,0.056322,0.055406,0.050989,0.050741,0.049947,0.050294,0.049759,0.045970,0.047583,0.044771,0.042845,0.045017,0.042761,0.037445,0.036218,0.034492,0.032986,0.031468,0.028286,0.024550,0.001750,0.000000,0.000000,0.000000,0.000000,0.000000,0.000000,0.000000,0.000000
540000.00,0.331993,0.095550,0.100488,0.088909,0.086534,0.078540,0.063516,0.069620,0.069275,0.063748,0.066875,0.065684,0.063412,0.064963,0.064060,0.065003,0.059649,0.057783,0.057436,0.054577,0.054807,0.056733,0.055015,0.056336,0.055423,0.050994,0.050750,0.049969,0.050302,0.049787,0.046058,0.047604,0.044806,0.042906,0.045009,0.042775,0.037509,0.036208,0.034465,0.032988,0.031468,0.028282,0.024651,0.001750,0.000000,0.000000,0.000000,0.000000,0.000000,0.000000,0.000000,0.000000
550000.00,0.332598,0.095919,0.100694,0.089128,0.086778,0.078743,0.064033,0.069687,0.069334,0.064015,0.066934,0.065767,0.063562,0.065012,0.064107,0.065010,0.059683,0.057804,0.057463,0.054701,0.054920,0.056764,0.055086,0.056349,0.055440,0.050998,0.050759,0.049991,0.050310,0.049814,0.046143,0.047624,0.044839,0.042964,0.045002,0.042790,0.037571,0.036198,0.034439,0.032990,0.031468,0.028278,0.024749,0.001750,0.000000,0.000000,0.000000,0.000000,0.000000,0.000000,0.000000,0.000000
560000.00,0.333443,0.096274,0.100893,0.089339,0.087013,0.078938,0.064531,0.069751,0.069391,0.064272,0.066991,0.065846,0.063706,0.065059,0.064152,0.064992,0.059716,0.057825,0.057490,0.054821,0.055030,0.056794,0.055155,0.056362,0.055434,0.051003,0.050768,0.050011,0.050318,0.049839,0.046225,0.047643,0.044871,0.043021,0.044977,0.042804,0.037630,0.036175,0.034401,0.032992,0.031468,0.028264,0.024843,0.001750,0.000000,0.000000,0.000000,0.000000,0.000000,0.000000,0.000000,0.000000
570000.00,0.334359,0.096617,0.101084,0.089543,0.087240,0.079127,0.065012,0.069813,0.069446,0.064520,0.067045,0.065923,0.063846,0.065104,0.064195,0.064964,0.059747,0.057844,0.057515,0.054936,0.055136,0.056822,0.055221,0.056374,0.055420,0.051007,0.050776,0.050031,0.050325,0.049864,0.046304,0.047661,0.044902,0.043075,0.044946,0.042817,0.037688,0.036147,0.034359,0.032994,0.031468,0.028245,0.024934,0.001750,0.000000,0.000000,0.000000,0.000000,0.000000,0.000000,0.000000,0.000000
580000.00,0.335243,0.096948,0.101269,0.089740,0.087459,0.079309,0.065476,0.069873,0.069499,0.064759,0.067098,0.065997,0.063980,0.065148,0.064237,0.064937,0.059777,0.057863,0.057540,0.055048,0.055238,0.056850,0.055286,0.056386,0.055407,0.051011,0.050784,0.050051,0.050332,0.049888,0.046381,0.047679,0.044932,0.043128,0.044917,0.042830,0.037743,0.036120,0.034319,0.032996,0.031468,0.028228,0.025021,0.001750,0.000000,0.000000,0.000000,0.000000,0.000000,0.000000,0.000000,0.000000
590000.00,0.336097,0.097268,0.101448,0.089930,0.087670,0.079485,0.065925,0.069931,0.069550,0.064991,0.067149,0.066068,0.064110,0.065191,0.064278,0.064911,0.059806,0.057881,0.057563,0.055155,0.055337,0.056877,0.055347,0.056397,0.055393,0.051015,0.050792,0.050069,0.050339,0.049911,0.046454,0.047696,0.044961,0.043178,0.044888,0.042842,0.037797,0.036094,0.034280,0.032998,0.031468,0.028211,0.025106,0.001750,0.000000,0.000000,0.000000,0.000000,0.000000,0.000000,0.000000,0.000000
600000.00,0.336921,0.097577,0.101621,0.090114,0.087875,0.079655,0.066358,0.069987,0.069599,0.065214,0.067198,0.066137,0.064236,0.065232,0.064317,0.064886,0.059835,0.057899,0.057586,0.055259,0.055432,0.056903,0.055407,0.056408,0.055381,0.051019,0.050800,0.050087,0.050346,0.049933,0.046526,0.047712,0.044989,0.043228,0.044861,0.042854,0.037848,0.036069,0.034243,0.033000,0.031468,0.028194,0.025188,0.001750,0.000000,0.000000,0.000000,0.000000,0.000000,0.000000,0.000000,0.000000
610000.00,0.337718,0.097877,0.101788,0.090292,0.088073,0.079819,0.066778,0.070041,0.069647,0.065431,0.067246,0.066204,0.064357,0.065271,0.064355,0.064862,0.059862,0.057916,0.057608,0.055360,0.055525,0.056927,0.055465,0.056419,0.055369,0.051023,0.050807,0.050105,0.050352,0.049955,0.046595,0.047728,0.045016,0.043275,0.044834,0.042866,0.037898,0.036045,0.034206,0.033002,0.031468,0.028178,0.025267,0.001750,0.000000,0.000000,0.000000,0.000000,0.000000,0.000000,0.000000,0.000000
620000.00,0.338489,0.098252,0.101949,0.090464,0.088264,0.079978,0.067184,0.070093,0.069694,0.065640,0.067292,0.066269,0.064475,0.065310,0.064391,0.064839,0.059888,0.057932,0.057630,0.055457,0.055614,0.056952,0.055521,0.056429,0.055357,0.051027,0.050815,0.050121,0.050358,0.049976,0.046662,0.047744,0.045042,0.043321,0.044808,0.042877,0.037947,0.036021,0.034171,0.033003,0.031468,0.028163,0.025343,0.001750,0.000000,0.000000,0.000000,0.000000,0.000000,0.000000,0.000000,0.000000
630000.00,0.339235,0.098694,0.102106,0.090631,0.088449,0.080132,0.067577,0.070144,0.069738,0.065843,0.067337,0.066331,0.064589,0.065347,0.064427,0.064816,0.059914,0.057948,0.057651,0.055552,0.055701,0.056975,0.055575,0.056439,0.055345,0.051030,0.050821,0.050138,0.050364,0.049996,0.046726,0.047759,0.045067,0.043365,0.044783,0.042888,0.037993,0.035998,0.034137,0.033005,0.031468,0.028148,0.025418,0.001750,0.000000,0.000000,0.000000,0.000000,0.000000,0.000000,0.000000,0.000000
640000.00,0.339956,0.099121,0.102258,0.090792,0.088629,0.080282,0.067957,0.070193,0.069782,0.066039,0.067380,0.066392,0.064699,0.065383,0.064461,0.064794,0.059939,0.057964,0.057671,0.055643,0.055784,0.056998,0.055628,0.056449,0.055334,0.051034,0.050828,0.050153,0.050370,0.050016,0.046789,0.047773,0.045092,0.043409,0.044759,0.042898,0.038039,0.035976,0.034104,0.033007,0.031468,0.028133,0.025489,0.001750,0.000000,0.000000,0.000000,0.000000,0.000000,0.000000,0.000000,0.000000
650000.00,0.340656,0.099536,0.102405,0.090949,0.088803,0.080426,0.068326,0.070241,0.069824,0.066230,0.067422,0.066451,0.064806,0.065418,0.064494,0.064773,0.059963,0.057979,0.057690,0.055732,0.055866,0.057020,0.055679,0.056459,0.055323,0.051037,0.050835,0.050169,0.050376,0.050035,0.046850,0.047787,0.045116,0.043450,0.044736,0.042909,0.038083,0.035955,0.034072,0.033008,0.031468,0.028119,0.025559,0.001750,0.000000,0.000000,0.000000,0.000000,0.000000,0.000000,0.000000,0.000000
660000.00,0.341333,0.099938,0.102547,0.091100,0.088971,0.080567,0.068684,0.070287,0.069865,0.066414,0.067463,0.066508,0.064910,0.065452,0.064527,0.064752,0.059986,0.057993,0.057709,0.055817,0.055944,0.057041,0.055728,0.056468,0.055313,0.051040,0.050841,0.050184,0.050381,0.050053,0.046909,0.047801,0.045139,0.043491,0.044713,0.042919,0.038125,0.035934,0.034041,0.033010,0.031468,0.028106,0.025626,0.001750,0.000000,0.000000,0.000000,0.000000,0.000000,0.000000,0.000000,0.000000
670000.00,0.341990,0.100328,0.102686,0.091248,0.089135,0.080703,0.069031,0.070332,0.069904,0.066593,0.067503,0.066563,0.065010,0.065484,0.064558,0.064732,0.060009,0.058007,0.057727,0.055901,0.056021,0.057062,0.055776,0.056477,0.055303,0.051043,0.050847,0.050198,0.050387,0.050071,0.046966,0.047814,0.045161,0.043530,0.044691,0.042928,0.038167,0.035914,0.034011,0.033011,0.031468,0.028092,0.025692,0.001750,0.000000,0.000000,0.000000,0.000000,0.000000,0.000000,0.000000,0.000000
680000.00,0.342628,0.100707,0.102820,0.091391,0.089294,0.080835,0.069368,0.070375,0.069943,0.066767,0.067541,0.066617,0.065108,0.065516,0.064588,0.064713,0.060030,0.058021,0.057745,0.055982,0.056095,0.057082,0.055823,0.056485,0.055293,0.051046,0.050853,0.050212,0.050392,0.050088,0.047021,0.047827,0.045183,0.043568,0.044669,0.042937,0.038207,0.035895,0.033982,0.033012,0.031468,0.028080,0.025756,0.001750,0.000000,0.000000,0.000000,0.000000,0.000000,0.000000,0.000000,0.000000
690000.00,0.343246,0.101075,0.102950,0.091529,0.089448,0.080963,0.069695,0.070417,0.069980,0.066936,0.067578,0.066669,0.065203,0.065547,0.064618,0.064694,0.060052,0.058034,0.057762,0.056060,0.056167,0.057101,0.055868,0.056494,0.055284,0.051049,0.050859,0.050225,0.050397,0.050105,0.047075,0.047839,0.045204,0.043605,0.044648,0.042947,0.038246,0.035876,0.033953,0.033014,0.031468,0.028067,0.025817,0.001750,0.000000,0.000000,0.000000,0.000000,0.000000,0.000000,0.000000,0.000000
700000.00,0.343846,0.101432,0.103077,0.091664,0.089598,0.081088,0.070013,0.070458,0.070017,0.067100,0.067614,0.066719,0.065295,0.065577,0.064646,0.064675,0.060072,0.058047,0.057779,0.056136,0.056237,0.057120,0.055912,0.056502,0.055274,0.051052,0.050864,0.050239,0.050402,0.050121,0.047128,0.047852,0.045224,0.043641,0.044628,0.042955,0.038284,0.035857,0.033926,0.033015,0.031468,0.028055,0.025877,0.001750,0.000000,0.000000,0.000000,0.000000,0.000000,0.000000,0.000000,0.000000
710000.00,0.344430,0.101779,0.103200,0.091795,0.089744,0.081209,0.070322,0.070498,0.070052,0.067259,0.067650,0.066769,0.065385,0.065606,0.064674,0.064658,0.060093,0.058060,0.057796,0.056210,0.056305,0.057138,0.055954,0.056510,0.055265,0.051055,0.050870,0.050251,0.050406,0.050137,0.047178,0.047863,0.045244,0.043676,0.044609,0.042964,0.038321,0.035839,0.033899,0.033017,0.031468,0.028043,0.025936,0.001750,0.000000,0.000000,0.000000,0.000000,0.000000,0.000000,0.000000,0.000000
720000.00,0.344996,0.102116,0.103319,0.091922,0.089885,0.081327,0.070622,0.070537,0.070086,0.067414,0.067684,0.066816,0.065472,0.065635,0.064701,0.064640,0.060112,0.058072,0.057811,0.056282,0.056371,0.057156,0.055996,0.056517,0.055256,0.051058,0.050875,0.050264,0.050411,0.050153,0.047228,0.047875,0.045264,0.043710,0.044590,0.042972,0.038356,0.035822,0.033873,0.033018,0.031468,0.028032,0.025992,0.001750,0.000000,0.000000,0.000000,0.000000,0.000000,0.000000,0.000000,0.000000
730000.00,0.345547,0.102445,0.103436,0.092046,0.090023,0.081441,0.070914,0.070575,0.070119,0.067565,0.067717,0.066863,0.065556,0.065662,0.064728,0.064623,0.060131,0.058084,0.057827,0.056353,0.056435,0.057174,0.056036,0.056525,0.055248,0.051060,0.050880,0.050276,0.050415,0.050168,0.047276,0.047886,0.045282,0.043743,0.044571,0.042980,0.038391,0.035805,0.033848,0.033019,0.031468,0.028021,0.026047,0.001750,0.000000,0.000000,0.000000,0.000000,0.000000,0.000000,0.000000,0.000000
740000.00,0.346083,0.102764,0.103549,0.092167,0.090157,0.081553,0.071199,0.070611,0.070152,0.067711,0.067749,0.066908,0.065639,0.065689,0.064753,0.064607,0.060150,0.058095,0.057842,0.056421,0.056498,0.057191,0.056075,0.056532,0.055240,0.051063,0.050885,0.050288,0.050420,0.050182,0.047323,0.047897,0.045301,0.043776,0.044553,0.042988,0.038425,0.035789,0.033823,0.033020,0.031468,0.028010,0.026101,0.001750,0.000000,0.000000,0.000000,0.000000,0.000000,0.000000,0.000000,0.000000
750000.00,0.346604,0.103075,0.103659,0.092284,0.090287,0.081661,0.071475,0.070647,0.070183,0.067854,0.067781,0.066952,0.065719,0.065715,0.064778,0.064591,0.060168,0.058107,0.057857,0.056487,0.056559,0.057207,0.056113,0.056539,0.055232,0.051065,0.050890,0.050299,0.050424,0.050197,0.047368,0.047907,0.045319,0.043807,0.044535,0.042996,0.038458,0.035773,0.033799,0.033021,0.031468,0.028000,0.026153,0.001750,0.000000,0.000000,0.000000,0.000000,0.000000,0.000000,0.000000,0.000000
760000.00,0.347112,0.103377,0.103766,0.092398,0.090414,0.081767,0.071744,0.070682,0.070214,0.067993,0.067811,0.066995,0.065797,0.065741,0.064803,0.064575,0.060185,0.058118,0.057871,0.056552,0.056618,0.057223,0.056150,0.056546,0.055224,0.051068,0.050895,0.050310,0.050428,0.050211,0.047412,0.047918,0.045336,0.043838,0.044518,0.043003,0.038490,0.035757,0.033776,0.033023,0.031468,0.027989,0.026204,0.001750,0.000000,0.000000,0.000000,0.000000,0.000000,0.000000,0.000000,0.000000
770000.00,0.347605,0.103672,0.103871,0.092509,0.090538,0.081870,0.072007,0.070716,0.070244,0.068128,0.067841,0.067037,0.065873,0.065766,0.064826,0.064560,0.060202,0.058128,0.057885,0.056615,0.056676,0.057239,0.056187,0.056553,0.055216,0.051070,0.050899,0.050321,0.050432,0.050224,0.047456,0.047928,0.045353,0.043867,0.044501,0.043011,0.038521,0.035742,0.033753,0.033024,0.031468,0.027979,0.026253,0.001750,0.000000,0.000000,0.000000,0.000000,0.000000,0.000000,0.000000,0.000000
780000.00,0.348086,0.103959,0.103973,0.092618,0.090658,0.081970,0.072262,0.070749,0.070273,0.068260,0.067870,0.067078,0.065947,0.065790,0.064849,0.064546,0.060219,0.058139,0.057898,0.056676,0.056732,0.057254,0.056222,0.056559,0.055209,0.051072,0.050904,0.050332,0.050436,0.050237,0.047498,0.047937,0.045369,0.043896,0.044485,0.043018,0.038552,0.035727,0.033731,0.033025,0.031468,0.027970,0.026302,0.001750,0.000000,0.000000,0.000000,0.000000,0.000000,0.000000,0.000000,0.000000
790000.00,0.348555,0.104239,0.104072,0.092723,0.090776,0.082068,0.072511,0.070781,0.070302,0.068389,0.067899,0.067117,0.066019,0.065813,0.064872,0.064531,0.060235,0.058149,0.057911,0.056736,0.056787,0.057269,0.056256,0.056566,0.055201,0.051075,0.050908,0.050342,0.050440,0.050250,0.047539,0.047947,0.045385,0.043924,0.044469,0.043025,0.038582,0.035712,0.033709,0.033026,0.031468,0.027960,0.026349,0.001750,0.000000,0.000000,0.000000,0.000000,0.000000,0.000000,0.000000,0.000000
800000.00,0.349012,0.104512,0.104169,0.092826,0.090890,0.082163,0.072754,0.070812,0.070330,0.068514,0.067926,0.067156,0.066089,0.065836,0.064894,0.064517,0.060251,0.058158,0.057924,0.056794,0.056841,0.057283,0.056290,0.056572,0.055194,0.051077,0.050912,0.050352,0.050444,0.050262,0.047579,0.047956,0.045401,0.043952,0.044454,0.043031,0.038611,0.035698,0.033688,0.033027,0.031468,0.027951,0.026394,0.001750,0.000000,0.000000,0.000000,0.000000,0.000000,0.000000,0.000000,0.000000
810000.00,0.349457,0.104778,0.104263,0.092927,0.091002,0.082256,0.072991,0.070843,0.070357,0.068636,0.067953,0.067194,0.066158,0.065859,0.064915,0.064503,0.060266,0.058168,0.057937,0.056851,0.056893,0.057297,0.056323,0.056578,0.055187,0.051079,0.050917,0.050362,0.050447,0.050275,0.047618,0.047965,0.045416,0.043979,0.044439,0.043038,0.038639,0.035685,0.033668,0.033028,0.031468,0.027942,0.026439,0.001750,0.000000,0.000000,0.000000,0.000000,0.000000,0.000000,0.000000,0.000000
820000.00,0.349891,0.105038,0.104355,0.093025,0.091111,0.082346,0.073222,0.070872,0.070383,0.068755,0.067980,0.067231,0.066225,0.065880,0.064936,0.064490,0.060281,0.058178,0.057949,0.056906,0.056944,0.057311,0.056354,0.056584,0.055181,0.051081,0.050921,0.050372,0.050451,0.050287,0.047656,0.047974,0.045431,0.044005,0.044424,0.043044,0.038666,0.035671,0.033648,0.033029,0.031468,0.027933,0.026483,0.001750,0.000000,0.000000,0.000000,0.000000,0.000000,0.000000,0.000000,0.000000
830000.00,0.350315,0.105292,0.104445,0.093120,0.091217,0.082435,0.073448,0.070901,0.070409,0.068872,0.068005,0.067267,0.066290,0.065902,0.064956,0.064477,0.060296,0.058187,0.057961,0.056960,0.056993,0.057324,0.056386,0.056590,0.055174,0.051083,0.050925,0.050381,0.050454,0.050298,0.047693,0.047983,0.045446,0.044030,0.044410,0.043050,0.038693,0.035658,0.033628,0.033030,0.031468,0.027925,0.026525,0.001750,0.000000,0.000000,0.000000,0.000000,0.000000,0.000000,0.000000,0.000000
840000.00,0.350728,0.105539,0.104533,0.093214,0.091321,0.082521,0.073668,0.070930,0.070434,0.068985,0.068030,0.067302,0.066354,0.065923,0.064976,0.064464,0.060310,0.058196,0.057972,0.057013,0.057042,0.057338,0.056416,0.056595,0.055168,0.051085,0.050929,0.050390,0.050458,0.050310,0.047729,0.047991,0.045460,0.044055,0.044396,0.043057,0.038719,0.035645,0.033609,0.033031,0.031468,0.027916,0.026567,0.001750,0.000000,0.000000,0.000000,0.000000,0.000000,0.000000,0.000000,0.000000
850000.00,0.351132,0.105781,0.104618,0.093305,0.091423,0.082606,0.073883,0.070958,0.070458,0.069096,0.068055,0.067336,0.066416,0.065943,0.064996,0.064452,0.060324,0.058204,0.057984,0.057065,0.057089,0.057350,0.056446,0.056601,0.055161,0.051087,0.050932,0.050399,0.050461,0.050321,0.047765,0.047999,0.045474,0.044080,0.044382,0.043063,0.038745,0.035633,0.033590,0.033032,0.031468,0.027908,0.026607,0.001750,0.000000,0.000000,0.000000,0.000000,0.000000,0.000000,0.000000,0.000000
860000.00,0.351526,0.106017,0.104702,0.093394,0.091522,0.082688,0.074093,0.070985,0.070482,0.069205,0.068079,0.067369,0.066477,0.065963,0.065015,0.064440,0.060338,0.058213,0.057995,0.057115,0.057135,0.057363,0.056475,0.056606,0.055155,0.051089,0.050936,0.050408,0.050464,0.050331,0.047799,0.048007,0.045487,0.044103,0.044369,0.043068,0.038770,0.035621,0.033572,0.033032,0.031468,0.027900,0.026647,0.001750,0.000000,0.000000,0.000000,0.000000,0.000000,0.000000,0.000000,0.000000
870000.00,0.351910,0.106247,0.104784,0.093481,0.091618,0.082768,0.074298,0.071011,0.070506,0.069310,0.068102,0.067402,0.066537,0.065982,0.065033,0.064428,0.060351,0.058221,0.058006,0.057164,0.057180,0.057375,0.056503,0.056611,0.055149,0.051091,0.050940,0.050416,0.050467,0.050342,0.047833,0.048015,0.045500,0.044127,0.044356,0.043074,0.038795,0.035609,0.033554,0.033033,0.031468,0.027892,0.026686,0.001750,0.000000,0.000000,0.000000,0.000000,0.000000,0.000000,0.000000,0.000000
880000.00,0.352286,0.106472,0.104864,0.093566,0.091713,0.082847,0.074499,0.071037,0.070529,0.069414,0.068125,0.067434,0.066595,0.066001,0.065051,0.064416,0.060364,0.058229,0.058016,0.057212,0.057225,0.057387,0.056531,0.056616,0.055143,0.051093,0.050943,0.050425,0.050470,0.050352,0.047866,0.048023,0.045513,0.044149,0.044343,0.043080,0.038818,0.035597,0.033537,0.033034,0.031468,0.027885,0.026724,0.001750,0.000000,0.000000,0.000000,0.000000,0.000000,0.000000,0.000000,0.000000
890000.00,0.352653,0.106693,0.104942,0.093649,0.091805,0.082924,0.074695,0.071062,0.070551,0.069515,0.068147,0.067465,0.066652,0.066020,0.065069,0.064405,0.060377,0.058237,0.058027,0.057260,0.057268,0.057399,0.056558,0.056621,0.055138,0.051094,0.050947,0.050433,0.050473,0.050362,0.047898,0.048030,0.045526,0.044172,0.044331,0.043085,0.038842,0.035586,0.033520,0.033035,0.031468,0.027877,0.026761,0.001750,0.000000,0.000000,0.000000,0.000000,0.000000,0.000000,0.000000,0.000000
900000.00,0.353012,0.106908,0.105018,0.093730,0.091896,0.082999,0.074886,0.071087,0.070573,0.069614,0.068169,0.067496,0.066707,0.066038,0.065086,0.064394,0.060390,0.058245,0.058037,0.057305,0.057310,0.057410,0.056584,0.056626,0.055132,0.051096,0.050950,0.050441,0.050476,0.050372,0.047930,0.048037,0.045538,0.044193,0.044318,0.043090,0.038865,0.035575,0.033503,0.033036,0.031468,0.027870,0.026797,0.001750,0.000000,0.000000,0.000000,0.000000,0.000000,0.000000,0.000000,0.000000
910000.00,0.353363,0.107119,0.105093,0.093810,0.091984,0.083072,0.075074,0.071111,0.070594,0.069710,0.068190,0.067526,0.066762,0.066055,0.065103,0.064383,0.060402,0.058253,0.058047,0.057350,0.057351,0.057421,0.056610,0.056631,0.055127,0.051098,0.050953,0.050448,0.050479,0.050382,0.047961,0.048045,0.045550,0.044215,0.044306,0.043095,0.038887,0.035564,0.033487,0.033037,0.031468,0.027863,0.026832,0.001750,0.000000,0.000000,0.000000,0.000000,0.000000,0.000000,0.000000,0.000000
920000.00,0.353707,0.107325,0.105166,0.093888,0.092071,0.083144,0.075257,0.071135,0.070615,0.069805,0.068211,0.067555,0.066815,0.066073,0.065120,0.064373,0.060414,0.058260,0.058056,0.057394,0.057392,0.057432,0.056635,0.056636,0.055121,0.051099,0.050957,0.050456,0.050482,0.050391,0.047991,0.048051,0.045562,0.044235,0.044295,0.043101,0.038909,0.035553,0.033471,0.033037,0.031468,0.027856,0.026867,0.001750,0.000000,0.000000,0.000000,0.000000,0.000000,0.000000,0.000000,0.000000
930000.00,0.354043,0.107526,0.105237,0.093964,0.092155,0.083215,0.075437,0.071158,0.070636,0.069898,0.068232,0.067583,0.066867,0.066090,0.065136,0.064362,0.060425,0.058267,0.058066,0.057437,0.057431,0.057443,0.056660,0.056640,0.055116,0.051101,0.050960,0.050463,0.050485,0.050401,0.048020,0.048058,0.045574,0.044256,0.044283,0.043106,0.038930,0.035543,0.033456,0.033038,0.031468,0.027849,0.026901,0.001750,0.000000,0.000000,0.000000,0.000000,0.000000,0.000000,0.000000,0.000000
940000.00,0.354371,0.107724,0.105307,0.094038,0.092238,0.083284,0.075612,0.071181,0.070656,0.069988,0.068252,0.067611,0.066918,0.066106,0.065152,0.064352,0.060437,0.058275,0.058075,0.057480,0.057470,0.057453,0.056684,0.056645,0.055111,0.051103,0.050963,0.050471,0.050487,0.050410,0.048049,0.048065,0.045585,0.044276,0.044272,0.043110,0.038951,0.035533,0.033440,0.033039,0.031468,0.027842,0.026934,0.001750,0.000000,0.000000,0.000000,0.000000,0.000000,0.000000,0.000000,0.000000
950000.00,0.354693,0.107917,0.105376,0.094111,0.092319,0.083351,0.075784,0.071203,0.070675,0.070077,0.068271,0.067639,0.066967,0.066123,0.065167,0.064342,0.060448,0.058281,0.058084,0.057521,0.057508,0.057463,0.056708,0.056649,0.055106,0.051104,0.050966,0.050478,0.050490,0.050418,0.048078,0.048072,0.045596,0.044295,0.044261,0.043115,0.038972,0.035523,0.033426,0.033039,0.031468,0.027836,0.026966,0.001750,0.000000,0.000000,0.000000,0.000000,0.000000,0.000000,0.000000,0.000000
960000.00,0.355007,0.108106,0.105443,0.094182,0.092398,0.083417,0.075952,0.071225,0.070695,0.070164,0.068290,0.067665,0.067016,0.066139,0.065182,0.064333,0.060459,0.058288,0.058093,0.057561,0.057545,0.057473,0.056731,0.056654,0.055101,0.051106,0.050969,0.050485,0.050493,0.050427,0.048105,0.048078,0.045607,0.044314,0.044251,0.043120,0.038992,0.035513,0.033411,0.033040,0.031468,0.027829,0.026998,0.001750,0.000000,0.000000,0.000000,0.000000,0.000000,0.000000,0.000000,0.000000
970000.00,0.355316,0.108291,0.105508,0.094252,0.092476,0.083482,0.076117,0.071246,0.070713,0.070249,0.068309,0.067692,0.067064,0.066154,0.065197,0.064323,0.060470,0.058295,0.058102,0.057601,0.057581,0.057483,0.056754,0.056658,0.055096,0.051107,0.050972,0.050492,0.050495,0.050436,0.048132,0.048084,0.045618,0.044333,0.044240,0.043124,0.039011,0.035504,0.033397,0.033041,0.031468,0.027823,0.027029,0.001750,0.000000,0.000000,0.000000,0.000000,0.000000,0.000000,0.000000,0.000000
980000.00,0.355617,0.108473,0.105573,0.094321,0.092552,0.083545,0.076315,0.071267,0.070732,0.070332,0.068327,0.067717,0.067111,0.066169,0.065212,0.064314,0.060480,0.058302,0.058110,0.057640,0.057616,0.057493,0.056776,0.056662,0.055092,0.051109,0.050974,0.050498,0.050498,0.050444,0.048159,0.048090,0.045628,0.044351,0.044230,0.043129,0.039031,0.035494,0.033383,0.033042,0.031468,0.027817,0.027059,0.001750,0.000000,0.000000,0.000000,0.000000,0.000000,0.000000,0.000000,0.000000
990000.00,0.355913,0.108751,0.105636,0.094388,0.092645,0.083607,0.076657,0.071287,0.070750,0.070414,0.068345,0.067743,0.067157,0.066184,0.065226,0.064305,0.060491,0.058308,0.058119,0.057677,0.057651,0.057502,0.056798,0.056666,0.055087,0.051110,0.050977,0.050505,0.050500,0.050452,0.048185,0.048096,0.045638,0.044369,0.044220,0.043133,0.039049,0.035485,0.033369,0.033042,0.031468,0.027811,0.027089,0.001750,0.000000,0.000000,0.000000,0.000000,0.000000,0.000000,0.000000,0.000000
1000000.00,0.356203,0.109027,0.105697,0.094454,0.092820,0.083668,0.076992,0.071307,0.070768,0.070494,0.068363,0.067767,0.067202,0.066199,0.065240,0.064296,0.060501,0.058314,0.058127,0.057715,0.057685,0.057512,0.056819,0.056670,0.055082,0.051112,0.050980,0.050511,0.050502,0.050460,0.048211,0.048102,0.045648,0.044387,0.044210,0.043137,0.039068,0.035476,0.033356,0.033043,0.031468,0.027805,0.027119,0.001750,0.000000,0.000000,0.000000,0.000000,0.000000,0.000000,0.000000,0.000000
